lr,data_time,loss,decode.loss_ce,decode.loss_dice,decode.loss_lovasz,decode.acc_seg,aux_0.loss_ce,aux_0.acc_seg,aux_1.loss_ce,aux_1.acc_seg,aux_2.loss_ce,aux_2.acc_seg,aux_3.loss_ce,aux_3.acc_seg,time,iter,memory,step
0.0027927927927927894,0.01075451374053955,5.241795492172241,0.697960501909256,0.07952601984143257,0.9117807865142822,56.144596099853516,1.081592607498169,46.900779724121094,0.9033737182617188,47.29398727416992,0.8197188198566436,47.11680603027344,0.7478429794311523,53.77022171020508,0.24612028598785402,100.0,7950.0,100.0
0.0035935935935935835,0.015099072456359863,4.192400693893433,0.5590624570846557,0.06224835142493248,0.8924229800701141,72.16236114501953,0.7800602912902832,62.07860565185547,0.6803850948810577,65.6360855102539,0.6357682347297668,69.00425720214844,0.582453253865242,70.5413589477539,0.2556671142578125,200.0,4496.0,200.0
0.004394394394394384,0.014362478256225586,4.017173457145691,0.5593448042869568,0.05988828763365746,0.8770866751670837,68.23936462402344,0.7138961315155029,70.97932434082031,0.6543691694736481,69.37120056152344,0.6049765348434448,69.23297119140625,0.5476118266582489,67.59687042236328,0.25584073066711427,300.0,4501.0,300.0
0.005195195195195183,0.012586760520935058,3.8539671421051027,0.5131008356809617,0.05759736746549606,0.8559162676334381,66.01564025878906,0.6996925055980683,55.017738342285156,0.6409372746944427,59.536346435546875,0.5817214548587799,60.97608947753906,0.5050014317035675,66.71331787109375,0.2482854127883911,400.0,4497.0,400.0
0.005995995995995992,0.01755828857421875,3.3826295137405396,0.4045474350452423,0.046207261830568315,0.7903359949588775,72.09413146972656,0.62077015042305,64.84326171875,0.5701849520206451,66.78624725341797,0.5236344307661056,67.82192993164062,0.42694924771785736,71.03028106689453,0.2632292747497559,500.0,4500.0,500.0
0.006796796796796801,0.01572916507720947,3.0742332220077513,0.3351333364844322,0.03843734953552484,0.6809049904346466,78.26924133300781,0.616515937447548,64.17288970947266,0.54623564183712,67.8587646484375,0.4776498705148697,69.47289276123047,0.37935613095760345,74.12728118896484,0.2583913326263428,600.0,4500.0,600.0
0.0075975975975976,0.013819599151611328,3.2093265295028686,0.35925849676132204,0.039182663708925244,0.6237384676933289,79.94652557373047,0.6698739349842071,64.8033676147461,0.5886947095394135,69.05989074707031,0.5175084054470063,72.67990112304688,0.4110698848962784,77.43885803222656,0.2554888963699341,700.0,4497.0,700.0
0.008398398398398399,0.017078971862792967,2.86789014339447,0.3023269072175026,0.03486733306199312,0.5562788784503937,84.21062469482422,0.6090636312961578,71.26067352294922,0.5455522567033768,75.24845886230469,0.4637677639722824,80.04519653320312,0.3560333281755447,83.86247253417969,0.263626766204834,800.0,4499.0,800.0
0.009199199199199204,0.015446662902832031,2.6860382556915283,0.26232358664274213,0.02849852293729782,0.5315308213233948,87.54273986816406,0.5980798363685608,72.24132537841797,0.5249453753232955,73.1647720336914,0.42227113246917725,78.31752014160156,0.3183889761567116,84.6161880493164,0.25781776905059817,900.0,4499.0,900.0
0.010000000000000024,0.01510922908782959,2.5638094902038575,0.2548166438937187,0.028379050455987452,0.4974093049764633,83.83646392822266,0.571715721487999,69.18515014648438,0.5043726861476898,73.36054992675781,0.4017117291688919,79.4122085571289,0.30540439784526824,82.60505676269531,0.2587701082229614,1000.0,4501.0,1000.0
0.009959511485300842,0.012840723991394043,2.670542597770691,0.2686646044254303,0.030215050652623178,0.5083930343389511,83.86980438232422,0.6025540947914123,65.0201187133789,0.5266982048749924,68.77301788330078,0.421085786819458,74.84832000732422,0.31293188631534574,79.60113525390625,0.25637872219085694,1100.0,4500.0,1100.0
0.009918605109645921,0.02025420665740967,2.7682544231414794,0.2740689322352409,0.02934984154999256,0.5041741073131562,79.09121704101562,0.6324925541877746,58.353118896484375,0.5550652146339417,62.175533294677734,0.4410331815481186,66.21459197998047,0.33207058906555176,73.2221908569336,0.2744419813156128,1200.0,4500.0,1200.0
0.009877689762281395,0.019135093688964842,2.478226351737976,0.253513877093792,0.029449840448796748,0.4631174296140671,85.56143951416016,0.5776255697011947,62.764549255371094,0.48806063234806063,68.32110595703125,0.3820603907108307,73.36933135986328,0.28439862132072447,84.23766326904297,0.2698066234588623,1300.0,4499.0,1300.0
0.009836765401703338,0.01585359573364258,2.3508302688598635,0.21382095962762832,0.02493038196116686,0.4563656449317932,82.70228576660156,0.5547565937042236,63.98418045043945,0.4735229849815369,68.6319580078125,0.3583482623100281,75.768798828125,0.2690853580832481,81.63749694824219,0.2634102821350098,1400.0,4499.0,1400.0
0.009795831986031267,0.013401365280151368,2.605106997489929,0.25557065606117246,0.028217177465558053,0.46761647760868075,83.31226348876953,0.6369273722171783,56.582984924316406,0.5206648081541061,61.963016510009766,0.396940803527832,72.3786392211914,0.29916967898607255,79.87553405761719,0.25867352485656736,1500.0,4498.0,1500.0
0.009754889473003134,0.01843245029449463,2.3364434480667113,0.20980246514081954,0.024838109500706196,0.4238340467214584,82.21925354003906,0.5791533946990967,59.28009796142578,0.4766376167535782,66.9565200805664,0.36036416888237,73.931640625,0.26181368082761763,78.35714721679688,0.26934659481048584,1600.0,4496.0,1600.0
0.009713937819970042,0.01508347988128662,2.3692189931869505,0.23289868384599685,0.02516088727861643,0.45009922087192533,83.47767639160156,0.5647567689418793,70.24938201904297,0.46942533552646637,74.20093536376953,0.3574912518262863,80.46317291259766,0.2693868324160576,81.56334686279297,0.25723354816436766,1700.0,4498.0,1700.0
0.009672976983890968,0.016431379318237304,2.1497926473617555,0.19601384699344634,0.021004989091306926,0.4191738128662109,88.12440490722656,0.5413603007793426,67.20697021484375,0.42519180476665497,74.38265991210938,0.3141626626253128,79.67587280273438,0.2328852728009224,84.34213256835938,0.2638556480407715,1800.0,4498.0,1800.0
0.009632006921327384,0.014794230461120605,2.0809267282485964,0.17648707032203675,0.020917147770524024,0.3968973994255066,89.11399841308594,0.5320814073085784,74.05547332763672,0.42769315242767336,78.71429443359375,0.3028232142329216,85.76719665527344,0.22402729094028473,87.57511901855469,0.2596539258956909,1900.0,4498.0,1900.0
0.009591027588437807,0.015128278732299804,2.1015081644058227,0.1749278798699379,0.020557383447885512,0.38987670838832855,88.38762664794922,0.5538691580295563,68.94784545898438,0.42631629705429075,75.17216491699219,0.31031001210212705,81.96626281738281,0.22565069198608398,85.20536804199219,0.2620283603668213,2000.0,4498.0,2000.0
0.009550038940972184,0.017166495323181152,2.1571871876716613,0.2023397356271744,0.02378748022019863,0.40083425045013427,86.41580200195312,0.5616926461458206,63.50506591796875,0.4352639138698578,71.74690246582031,0.30715308487415316,81.4353256225586,0.22611606419086455,84.41192626953125,0.2640400409698486,2100.0,4500.0,2100.0
0.009509040934266171,0.014333844184875488,2.161400783061981,0.18918697088956832,0.020762361027300356,0.3949340879917145,87.36331176757812,0.5635620594024658,67.08338165283203,0.44117467999458315,74.06071472167969,0.3151316672563553,82.22181701660156,0.23664888888597488,83.19315338134766,0.25971255302429197,2200.0,4498.0,2200.0
0.00946803352323536,0.01959526538848877,2.041805624961853,0.1935420349240303,0.02213968774303794,0.4073886007070541,92.14969635009766,0.520550799369812,78.99504852294922,0.40070439875125885,82.81380462646484,0.2797129139304161,87.36079406738281,0.2177672192454338,89.03759002685547,0.2680542230606079,2300.0,4498.0,2300.0
0.00942701666236939,0.015134286880493165,2.2143373012542726,0.21670344546437265,0.02382172495126724,0.41090716421604156,89.4410171508789,0.5667905926704406,75.23531341552734,0.43809266984462736,82.56700897216797,0.3110180675983429,86.45733642578125,0.2470036745071411,86.95135498046875,0.26124160289764403,2400.0,4496.0,2400.0
0.00938599030572593,0.016332077980041503,2.050957274436951,0.18588333427906037,0.020931890606880187,0.3819227397441864,85.14720153808594,0.546267056465149,64.43326568603516,0.41549420952796934,73.98358154296875,0.2808806195855141,79.18843078613281,0.219577394425869,81.7278060913086,0.2597996950149536,2500.0,4501.0,2500.0
0.009344954406924524,0.019232702255249024,1.9236089706420898,0.16132024303078651,0.0188714942894876,0.38349303901195525,88.72132110595703,0.5153270572423935,70.33267211914062,0.38540718257427214,76.25960540771484,0.26397897899150846,83.31915283203125,0.19521103501319886,85.91001892089844,0.26702444553375243,2600.0,4494.0,2600.0
0.009303908919140357,0.01950869560241699,2.04203679561615,0.18622035086154937,0.020150333177298307,0.38512071371078493,78.84313201904297,0.5367630243301391,61.23225402832031,0.39962784945964813,67.84156036376953,0.2836181327700615,73.76161193847656,0.23053635954856871,75.66049194335938,0.2710402965545654,2700.0,4468.0,2700.0
0.009262853795097913,0.017136049270629884,1.8583367466926575,0.14557260274887085,0.01714968532323837,0.37122465670108795,92.81830596923828,0.5043461799621582,76.30390930175781,0.37165271043777465,84.19874572753906,0.2549877345561981,90.40194702148438,0.1934031844139099,90.1194076538086,0.2620997905731201,2800.0,4498.0,2800.0
0.009221788987064454,0.020002198219299317,2.1130972027778627,0.179841298609972,0.020480988267809152,0.3730597645044327,92.01910400390625,0.5621661424636841,78.70960235595703,0.43841356337070464,84.25837707519531,0.3115627855062485,88.24513244628906,0.22757269740104674,88.89530181884766,0.27094717025756837,2900.0,4494.0,2900.0
0.009180714446843418,0.01788790225982666,2.1045437097549438,0.18486088514328003,0.020717677287757398,0.36834237575531004,88.14781188964844,0.5781269133090973,66.54196166992188,0.43546266555786134,73.55766296386719,0.29766821414232253,80.22642517089844,0.21936501264572145,82.59063720703125,0.2686101675033569,3000.0,4494.0,3000.0
0.009139630125767715,0.01816096305847168,1.9107882261276246,0.15965977683663368,0.017969981115311385,0.3519829332828522,88.43594360351562,0.5336041897535324,71.95915985107422,0.3901901364326477,81.7829360961914,0.2590576559305191,86.31008911132812,0.19832360744476318,86.16104125976562,0.2662884473800659,3100.0,4493.0,3100.0
0.00909853597469283,0.01901376247406006,1.8364179372787475,0.1577512376010418,0.01698324903845787,0.38045936822891235,89.55802917480469,0.490132012963295,64.39423370361328,0.35686787962913513,70.24404907226562,0.24117488414049149,81.0109634399414,0.19304932057857513,85.62718963623047,0.2678953170776367,3200.0,4497.0,3200.0
0.009057431943989839,0.012761616706848144,1.8868395209312439,0.15146084278821945,0.01758798146620393,0.3847513973712921,85.01329803466797,0.5210731744766235,62.94113540649414,0.36512933373451234,72.79707336425781,0.2527104288339615,79.09200286865234,0.19412636905908584,81.47369384765625,0.25404655933380127,3300.0,4498.0,3300.0
0.009016317983538217,0.015807509422302246,1.8802874207496643,0.14713795483112335,0.017321371380239724,0.3563309520483017,90.53663635253906,0.5239389330148697,69.13955688476562,0.3921887457370758,75.9965591430664,0.25549968630075454,81.81101989746094,0.1878697693347931,87.41516876220703,0.2641801595687866,3400.0,4500.0,3400.0
0.00897519404271866,0.015154480934143066,1.9334567666053772,0.15939225852489472,0.01745974561199546,0.3818715542554855,88.01783752441406,0.530219680070877,63.24550247192383,0.38527870178222656,72.37380981445312,0.26244844794273375,81.12095642089844,0.19678641557693483,84.66290283203125,0.2599520206451416,3500.0,4498.0,3500.0
0.008934060070405541,0.017035436630249024,1.8304656386375426,0.14303735494613648,0.016119416523724794,0.3540821224451065,92.14681243896484,0.5253191888332367,71.10565948486328,0.36132657527923584,81.63550567626953,0.24023167937994003,88.66361999511719,0.19034930169582367,89.57754516601562,0.26246182918548583,3600.0,4496.0,3600.0
0.008892916014959455,0.015703916549682617,1.7631459355354309,0.13663127049803733,0.01655630934983492,0.33390326201915743,90.45306396484375,0.5082512885332108,75.7126693725586,0.3543327271938324,82.83780670166016,0.22998903691768646,88.8335952758789,0.1834820553660393,88.36112976074219,0.2608991861343384,3700.0,4500.0,3700.0
0.008851761824219396,0.02087826728820801,1.8226608037948608,0.15163521990180015,0.016938393097370864,0.35358211398124695,90.11221313476562,0.5071389198303222,66.22176361083984,0.3637828350067139,70.9492416381836,0.23618717193603517,82.04104614257812,0.1933961644768715,86.48587036132812,0.2707158803939819,3800.0,4498.0,3800.0
0.008810597445494972,0.015428447723388672,1.8021809101104735,0.14324489533901213,0.016248984169214963,0.34218409061431887,90.4773178100586,0.5222509890794754,64.48281860351562,0.3585010409355164,71.99048614501953,0.23917911052703858,80.9565658569336,0.18057181537151337,87.2412109375,0.2603427886962891,3900.0,4501.0,3900.0
0.008769422825558315,0.015186619758605958,1.807118046283722,0.13394208028912544,0.01521238088607788,0.32152484357357025,89.22819519042969,0.5334876149892807,63.956756591796875,0.38122041523456573,70.20237731933594,0.2423810511827469,79.10337829589844,0.17934967279434205,83.35299682617188,0.261002516746521,4000.0,4498.0,4000.0
0.008728237910635882,0.01696469783782959,1.671258842945099,0.13047811686992644,0.015297310426831245,0.33970893621444703,91.41332244873047,0.48080105185508726,71.73552703857422,0.32582648694515226,80.01558685302734,0.20978280901908875,87.18800354003906,0.16936412900686265,87.17558288574219,0.2600379943847656,4100.0,4498.0,4100.0
0.00868704264640012,0.02013089656829834,1.8850868463516235,0.15872250646352767,0.017848918680101633,0.37636649906635283,85.21741485595703,0.51484335064888,66.71485137939453,0.37276245653629303,73.14141082763672,0.252562440931797,79.3727798461914,0.1919806718826294,83.5586166381836,0.2698575258255005,4200.0,4491.0,4200.0
0.008645836977960905,0.017658090591430663,1.8443847179412842,0.12839628159999847,0.014964467380195856,0.3550302445888519,90.6533203125,0.5436808079481125,58.70418930053711,0.3827905863523483,69.55628204345703,0.23887161314487457,79.15900421142578,0.1806507408618927,84.40850067138672,0.2670137405395508,4300.0,4500.0,4300.0
0.008604620849856859,0.015272045135498047,1.7967971444129944,0.13165371045470237,0.01570283165201545,0.3334392786026001,93.39708709716797,0.5389404505491256,73.25431060791016,0.36273073554039004,83.339599609375,0.23507111966609956,87.29301452636719,0.17925905585289,90.83464813232422,0.25946047306060793,4400.0,4498.0,4400.0
0.008563394206046427,0.014634013175964355,1.63352073431015,0.1182121105492115,0.013666290324181318,0.3240200698375702,94.00056457519531,0.48372113406658174,77.66114807128906,0.3229928120970726,85.49502563476562,0.20945919305086136,89.96395111083984,0.1614491030573845,90.17821502685547,0.26093764305114747,4500.0,4469.0,4500.0
0.008522156989898817,0.013910031318664551,1.7255375742912293,0.129006065428257,0.014925199002027512,0.33395345509052277,91.44156646728516,0.510224026441574,68.87577056884766,0.3439718663692474,79.8499984741211,0.2255283087491989,86.34989166259766,0.16792869418859482,87.13101959228516,0.25730655193328855,4600.0,4501.0,4600.0
0.008480909144184737,0.018456578254699707,1.7056052207946777,0.1265811465680599,0.015023460332304239,0.3200228840112686,90.30209350585938,0.515654256939888,64.18509674072266,0.3416303962469101,73.22167205810547,0.21853878498077392,83.13355255126953,0.1681543305516243,86.24982452392578,0.2674094200134277,4700.0,4496.0,4700.0
0.008439650611066928,0.01462252140045166,1.652164673805237,0.11887093856930733,0.014391916431486606,0.3140062719583511,92.54396057128906,0.5072085291147232,65.85426330566406,0.3332227736711502,79.52249908447266,0.20866502225399017,85.35688781738281,0.1557992219924927,89.25444793701172,0.2566786766052246,4800.0,4498.0,4800.0
0.008398381332090511,0.012306761741638184,1.7485037803649903,0.12502519637346268,0.013611742481589317,0.33242119550704957,93.58234405517578,0.532853189110756,75.16303253173828,0.35764604806900024,81.60844421386719,0.21635087877511977,89.41368103027344,0.17059556543827056,90.69757080078125,0.2541661739349365,4900.0,4498.0,4900.0
0.008357101248173127,0.013520526885986327,1.7378386855125427,0.1289571352303028,0.01501808874309063,0.32062676548957825,90.21709442138672,0.5198575556278229,66.57276153564453,0.3460142195224762,76.9220962524414,0.2295184090733528,84.22140502929688,0.17784647643566132,87.08502197265625,0.2563575029373169,5000.0,4499.0,5000.0
0.008315810299594868,0.013583946228027343,1.7319549322128296,0.1453184887766838,0.0157416220754385,0.3108270689845085,89.59577178955078,0.5209695041179657,70.91940307617188,0.3411742955446243,76.55843353271484,0.21661664247512818,85.85601806640625,0.18130730241537094,85.98493957519531,0.2563924789428711,5100.0,4501.0,5100.0
0.008274508425987924,0.016116619110107422,1.6844977974891662,0.12032772451639176,0.013735269196331501,0.33202112913131715,92.38026428222656,0.5056490808725357,71.78765869140625,0.34253855645656583,79.69221496582031,0.20772018432617187,86.84930419921875,0.16250585317611693,89.48096466064453,0.262625527381897,5200.0,4501.0,5200.0
0.008233195566326183,0.016915559768676758,1.7086893439292907,0.12991129606962204,0.014225808437913656,0.3323399692773819,94.14292907714844,0.5145143181085586,74.85392761230469,0.3379622548818588,84.70529174804688,0.21135979145765305,90.244140625,0.16837587356567382,89.82008361816406,0.26464483737945554,5300.0,4501.0,5300.0
0.00819187165891442,0.014661407470703125,1.7867019534111024,0.11898695677518845,0.013815534580498934,0.36515893638134,93.7515869140625,0.5340952605009079,77.33300018310547,0.35785614252090453,85.05570220947266,0.22770651578903198,89.26608276367188,0.1690826326608658,89.99388885498047,0.26402921676635743,5400.0,4498.0,5400.0
0.008150536641377305,0.0177126407623291,1.7680536150932311,0.12652866691350936,0.014136177487671375,0.3216854691505432,90.26083374023438,0.5402132928371429,63.85932159423828,0.36626880764961245,72.1826400756836,0.22986476719379426,78.65119171142578,0.16935642510652543,84.581298828125,0.2648421049118042,5500.0,4498.0,5500.0
0.008109190450648219,0.019982051849365235,1.744153881072998,0.12806258872151374,0.014868741016834974,0.34470619857311247,92.53312683105469,0.5166567325592041,79.49021911621094,0.3483665153384209,86.44581604003906,0.2240495890378952,89.5943832397461,0.16744351089000703,89.30521392822266,0.268396258354187,5600.0,4497.0,5600.0
0.008067833022957823,0.01732761859893799,1.6498690247535706,0.1176693931221962,0.013779900968074799,0.3238599210977554,85.3727035522461,0.4991803377866745,60.8398323059082,0.3256866693496704,68.93174743652344,0.2143510863184929,74.6063232421875,0.1553417168557644,83.8452377319336,0.2636034250259399,5700.0,4498.0,5700.0
0.008026464293822302,0.016835570335388184,1.8295776009559632,0.1396174408495426,0.015165883116424084,0.33840565383434296,89.67431640625,0.5412800252437592,61.671268463134766,0.37297853231430056,72.64897918701172,0.23775550127029418,78.48515319824219,0.1843745842576027,81.71198272705078,0.26244025230407714,5800.0,4497.0,5800.0
0.007985084198031407,0.021410536766052247,1.8362529158592225,0.1430136077105999,0.01562533527612686,0.33149864971637727,86.67672729492188,0.5482799530029296,57.804054260253906,0.36783256083726884,68.99774932861328,0.2437981054186821,77.20040893554688,0.18620467111468314,82.79044342041016,0.2722971200942993,5900.0,4499.0,5900.0
0.007943692669636186,0.013034462928771973,1.6118294954299928,0.11675605922937393,0.01305428147315979,0.32206825017929075,93.89163208007812,0.4777411580085754,77.86093139648438,0.3208468794822693,82.08641815185547,0.1983693480491638,88.44911193847656,0.16299349516630174,89.6933822631836,0.2575432062149048,6000.0,4495.0,6000.0
0.007902289641936488,0.020919322967529297,1.6264693021774292,0.11200495138764381,0.012554378993809224,0.3156597316265106,92.93754577636719,0.5093589782714844,75.22494506835938,0.32667204588651655,82.31092834472656,0.1964183196425438,87.43729400634766,0.15380085557699202,88.888916015625,0.26961536407470704,6100.0,4499.0,6100.0
0.007860875047468165,0.016008806228637696,1.6308686017990113,0.11581586003303528,0.012158455234020949,0.31538003087043764,94.44371795654297,0.5039084553718567,74.01362609863281,0.3224798932671547,85.23402404785156,0.20468505173921586,88.21324920654297,0.15644084215164183,89.32439422607422,0.2641910076141357,6200.0,4500.0,6200.0
0.007819448817989998,0.019301843643188477,1.554503118991852,0.1027128204703331,0.012023710925132037,0.30225071161985395,93.2945327758789,0.4852467358112335,72.81209564208984,0.31042916625738143,83.15406799316406,0.1893601194024086,89.12891387939453,0.15247982293367385,89.9056396484375,0.2693346977233887,6300.0,4497.0,6300.0
0.007778010884470298,0.01674978733062744,1.7068987727165221,0.12907909825444222,0.013989175017923117,0.3234262719750404,92.57080078125,0.5175287663936615,69.81592559814453,0.3302426442503929,82.10112762451172,0.2233362764120102,87.21990203857422,0.16929656714200975,89.68433380126953,0.266912841796875,6400.0,4499.0,6400.0
0.007736561177073123,0.016865754127502443,1.5913405776023866,0.1047608844935894,0.012660973146557808,0.29935289919376373,93.88383483886719,0.5057940632104874,70.15475463867188,0.3275060921907425,78.58212280273438,0.19548240303993225,86.7188491821289,0.14578323513269426,90.25373077392578,0.26204419136047363,6500.0,4501.0,6500.0
0.0076950996251443395,0.021707606315612794,1.6245314836502076,0.11615510359406471,0.012932846695184708,0.29566827565431597,94.1685562133789,0.5118409097194672,66.51714324951172,0.3231343448162079,79.87433624267578,0.2012365758419037,89.4501953125,0.16356342136859894,90.45574188232422,0.2725459098815918,6600.0,4497.0,6600.0
0.007653626157197271,0.01959233283996582,1.6808295845985413,0.12449475452303886,0.014549109060317278,0.3318004697561264,93.26742553710938,0.4964729964733124,75.26990509033203,0.3317959398031235,82.47994232177734,0.2139420211315155,88.92094421386719,0.16777434796094895,90.32589721679688,0.26820921897888184,6700.0,4468.0,6700.0
0.007612140700898001,0.01935415267944336,1.7441689491271972,0.13782928735017777,0.014983309525996446,0.3198571801185608,93.44810485839844,0.5244911253452301,71.84417724609375,0.3513561591506004,83.07502746582031,0.22717389911413194,89.52237701416016,0.1684780240058899,90.68971252441406,0.2697767972946167,6800.0,4469.0,6800.0
0.007570643183050364,0.020218300819396972,1.6332004904747008,0.1127123400568962,0.012891967501491308,0.30853886902332306,92.98194885253906,0.5196658849716187,72.28624725341797,0.32283124774694444,84.03563690185547,0.19866420328617096,88.03034210205078,0.15789595022797584,89.21994018554688,0.27094879150390627,6900.0,4501.0,6900.0
0.007529133529580557,0.01615743637084961,1.6732620000839233,0.12451118081808091,0.01298138704150915,0.3194399490952492,93.58003997802734,0.5073000729084015,75.6637954711914,0.3361402899026871,84.30463409423828,0.2060250848531723,88.66986083984375,0.1668640583753586,89.8756103515625,0.2631692886352539,7000.0,4499.0,7000.0
0.007487611665521369,0.017457914352416993,1.5189082264900207,0.10493492856621742,0.012514283787459135,0.3008823424577713,94.03197479248047,0.4874598294496536,70.50464630126953,0.29138500094413755,83.7012939453125,0.17758747786283494,89.1280746459961,0.1441443867981434,90.16812133789062,0.26777265071868894,7100.0,4499.0,7100.0
0.007446077514996095,0.020760369300842286,1.6629688620567322,0.11536280885338783,0.013459461741149426,0.30545004904270173,91.7281723022461,0.5288937240839005,71.5033950805664,0.3356461554765701,79.16062927246094,0.19564748406410218,86.2697525024414,0.16850917488336564,87.16987609863281,0.2733084440231323,7200.0,4500.0,7200.0
0.007404531001201981,0.015443515777587891,1.7982067227363587,0.13849165812134742,0.01350306561216712,0.31212391555309293,90.04639434814453,0.5539834797382355,64.86296081542969,0.3693151444196701,76.05142211914062,0.23078206479549407,83.70319366455078,0.18000741079449653,84.85283660888672,0.2624878168106079,7300.0,4495.0,7300.0
0.0073629720463933394,0.016516780853271483,1.6626021027565003,0.11829854100942612,0.013250893540680408,0.31056767106056216,92.38259887695312,0.5321161240339279,72.38732147216797,0.3350961536169052,82.20787048339844,0.19678602665662764,88.9056167602539,0.1564866967499256,89.90960693359375,0.26361587047576907,7400.0,4494.0,7400.0
0.007321400571864203,0.019022583961486816,1.5941335439682007,0.11575601994991302,0.01306175971403718,0.30933643579483033,91.54241943359375,0.4902208298444748,73.6045913696289,0.3147005751729012,82.46367645263672,0.19707283079624177,88.32720947265625,0.15398509949445724,89.5214614868164,0.26827826499938967,7500.0,4499.0,7500.0
0.007279816497930574,0.016522908210754396,1.4880667209625245,0.09777634590864182,0.011509462725371122,0.3117630124092102,92.48909759521484,0.4589257210493088,69.09021759033203,0.2882789209485054,77.86637115478516,0.17803652584552765,84.86846160888672,0.14177674055099487,88.00508117675781,0.2635456323623657,7600.0,4501.0,7600.0
0.007238219743912248,0.013045740127563477,1.5031075596809387,0.10015753656625748,0.011738058784976602,0.27818365544080736,92.55841827392578,0.48034617602825164,68.29727935791016,0.3014499992132187,79.44425964355469,0.1860990196466446,87.14051818847656,0.14513310939073562,90.01593780517578,0.256387996673584,7700.0,4496.0,7700.0
0.007196610228114141,0.01657395362854004,1.6269010543823241,0.10414798557758331,0.012496311496943236,0.31438341438770295,94.14295959472656,0.5143214493989945,72.70547485351562,0.3242384076118469,83.5914535522461,0.20385428741574288,90.55792999267578,0.15345918238162995,90.85977935791016,0.26441755294799807,7800.0,4467.0,7800.0
0.007154987867807196,0.016875815391540528,1.5516257643699647,0.10411939695477486,0.012543187756091357,0.30642931163311005,93.8726577758789,0.4812092125415802,74.52398681640625,0.304347051680088,84.16947174072266,0.19388936907052995,90.01056671142578,0.14908824041485785,90.89281463623047,0.2618988275527954,7900.0,4497.0,7900.0
0.007113352579208797,0.016648459434509277,1.5470574259757996,0.10520012900233269,0.012363867182284594,0.31199527382850645,92.23747253417969,0.4882616937160492,73.33151245117188,0.2968295156955719,84.0139389038086,0.18203344494104384,87.99860382080078,0.15037355124950408,89.08402252197266,0.26620442867279054,8000.0,4499.0,8000.0
0.007071704277462678,0.02314338684082031,1.6514384269714355,0.10292804688215255,0.011800773162394761,0.2917052209377289,90.97169494628906,0.5381320863962173,67.66554260253906,0.3465727657079697,80.68443298339844,0.21088826656341553,87.542236328125,0.1494112491607666,88.09835052490234,0.2754523277282715,8100.0,4498.0,8100.0
0.0070300428766183086,0.020193004608154298,1.6034096240997315,0.12000777944922447,0.013010273966938258,0.3160019963979721,92.93415069580078,0.5015563160181046,75.83673858642578,0.31249670684337616,81.09506225585938,0.1886924237012863,88.13981628417969,0.15164414644241334,89.3683090209961,0.2693382978439331,8200.0,4499.0,8200.0
0.006988368289609782,0.017697739601135253,1.5187657237052918,0.1121162623167038,0.012586776912212373,0.3109578162431717,89.86180877685547,0.4663493663072586,72.09185791015625,0.29041344225406646,81.9016342163086,0.18039068803191186,86.51274871826172,0.14595139399170876,86.65990447998047,0.2632973432540894,8300.0,4500.0,8300.0
0.006946680428234142,0.01829521656036377,1.4943753123283385,0.09958466365933419,0.01208509849384427,0.2772293522953987,92.17405700683594,0.4921978026628494,68.57196807861328,0.30302849858999253,80.2270278930664,0.1769932061433792,87.87652587890625,0.13325669690966607,89.8245620727539,0.2638143301010132,8400.0,4496.0,8400.0
0.00690497920312916,0.012268137931823731,1.775993287563324,0.13104243054986,0.01400637412443757,0.31793511658906937,94.41458129882812,0.5584662735462189,70.12224578857422,0.36140325367450715,77.71932220458984,0.21767598241567612,86.75657653808594,0.17546385526657104,91.09974670410156,0.2542854070663452,8500.0,4501.0,8500.0
0.006863264523750478,0.012778830528259278,1.5831781029701233,0.10491925999522209,0.012416781205683947,0.3002289295196533,90.2967758178711,0.512514740228653,64.45902252197266,0.316694837808609,75.15155029296875,0.18455940186977388,84.51117706298828,0.15184414386749268,88.1255111694336,0.2561678171157837,8600.0,4497.0,8600.0
0.006821536298348238,0.017603588104248048,1.434084451198578,0.10043938905000686,0.011693500261753798,0.29637217372655866,93.45165252685547,0.45043865144252776,71.9714584350586,0.2745019689202309,81.88414764404297,0.16404742896556854,88.48207092285156,0.1365913450717926,90.6653060913086,0.266339111328125,8700.0,4491.0,8700.0
0.006779794433943019,0.01536409854888916,1.5040359973907471,0.10117599740624428,0.011900769826024771,0.28832863718271257,92.94136047363281,0.4959607899188995,68.80868530273438,0.2936748504638672,79.81961822509766,0.1758111298084259,87.34879302978516,0.13718386068940164,89.3768539428711,0.2591462373733521,8800.0,4499.0,8800.0
0.006738038836301172,0.01945810317993164,1.6574392318725586,0.11668627262115479,0.012452040612697602,0.31151477843523023,92.21891021728516,0.5237654894590378,64.39923095703125,0.3316053569316864,78.25311279296875,0.2009574607014656,86.78241729736328,0.16045784205198288,88.8738784790039,0.26713707447052004,8900.0,4499.0,8900.0
0.006696269409909479,0.01741490364074707,1.550097918510437,0.10739811658859252,0.012188224215060472,0.27918357849121095,94.11557006835938,0.49332324862480165,72.17047119140625,0.31243459433317183,83.37832641601562,0.19576832056045532,89.79409790039062,0.1498018190264702,91.32217407226562,0.2647254467010498,9000.0,4498.0,9000.0
0.006654486057949132,0.016548991203308105,1.5253062009811402,0.10221921503543854,0.011447349609807134,0.2945635586977005,95.2489242553711,0.4883950412273407,69.10144805908203,0.2956758186221123,80.54839324951172,0.18316563814878464,90.85667419433594,0.149839573353529,92.12947845458984,0.26386997699737547,9100.0,4499.0,9100.0
0.006612688682268984,0.017066359519958496,1.5988084316253661,0.11333340033888817,0.01220236048102379,0.31422818899154664,90.87904357910156,0.4978980213403702,60.194549560546875,0.3136179596185684,76.19169616699219,0.19384728819131852,83.65411376953125,0.15368120446801187,86.40098571777344,0.26840744018554685,9200.0,4498.0,9200.0
0.006570877183358107,0.0154754638671875,1.3893863320350648,0.08719687238335609,0.010818680375814438,0.29006058871746065,91.12493896484375,0.45829184353351593,68.83390808105469,0.2641863957047462,80.83816528320312,0.15134557634592055,88.2823486328125,0.12748639658093452,89.05094909667969,0.26004202365875245,9300.0,4498.0,9300.0
0.0065290514603175785,0.018184781074523926,1.4677464604377746,0.10323483422398567,0.011582844890654087,0.3082930624485016,91.05828857421875,0.4480456292629242,69.39203643798828,0.27762646079063413,80.62640380859375,0.17772700190544127,83.6919937133789,0.1412366062402725,87.36463928222656,0.2661029100418091,9400.0,4498.0,9400.0
0.006487211410831462,0.013082456588745118,1.355861520767212,0.09061672985553741,0.010893169045448303,0.27992130666971204,95.46807098388672,0.43023045659065245,80.01262664794922,0.25540533661842346,88.49121856689453,0.15723474696278572,92.51982116699219,0.13155975341796874,92.6543960571289,0.2538496255874634,9500.0,4499.0,9500.0
0.006445356931137001,0.019162440299987794,1.4129773259162903,0.08968194387853146,0.010757369454950094,0.2966372072696686,94.9689712524414,0.4542189747095108,71.59037780761719,0.26712035983800886,86.8486328125,0.16523386910557747,91.25932312011719,0.12932757586240767,90.79087829589844,0.2685381889343262,9600.0,4498.0,9600.0
0.006403487915993965,0.01828460693359375,1.3769277930259705,0.08435074165463448,0.010029901750385761,0.2827547281980515,93.88650512695312,0.45308029651641846,78.46778869628906,0.2709968611598015,85.85391235351562,0.15277275294065476,90.95491790771484,0.12294251695275307,91.97045135498047,0.2669510841369629,9700.0,4499.0,9700.0
0.006361604258653151,0.01956477165222168,1.4823682069778443,0.09560641497373581,0.011516258586198092,0.26294728815555574,94.67872619628906,0.5050793468952179,75.7751235961914,0.3013639599084854,84.03555297851562,0.1706571713089943,88.6443099975586,0.13519774973392487,91.09983825683594,0.26777513027191163,9800.0,4500.0,9800.0
0.006319705850823926,0.019826316833496095,1.7310055136680602,0.12668355852365493,0.0125181769952178,0.3155803129076958,91.44198608398438,0.5428496271371841,69.57090759277344,0.34792681634426115,81.80876159667969,0.22031599134206772,87.4656753540039,0.16513100117444993,88.46858978271484,0.26794209480285647,9900.0,4494.0,9900.0
0.006277792582640919,0.02001199722290039,1.5577818751335144,0.1157780297100544,0.012919844780117273,0.2853909432888031,92.30538940429688,0.4862856984138489,75.72128295898438,0.3022560402750969,85.10394287109375,0.19664723947644233,89.21742248535156,0.15850406438112258,89.538818359375,0.2681551456451416,10000.0,4498.0,10000.0
0.006235864342629679,0.01649329662322998,1.4960509181022643,0.09348507151007653,0.010413695219904184,0.2816709578037262,92.30010986328125,0.5067747592926025,62.08551025390625,0.3060687676072121,76.0455551147461,0.1676816985011101,86.67839813232422,0.12995596677064897,89.24456787109375,0.2642082214355469,10100.0,4498.0,10100.0
0.006193921017671378,0.019696831703186035,1.448657250404358,0.08783788941800594,0.010529479244723916,0.27978810369968415,92.04854583740234,0.4894378900527954,57.38998031616211,0.2902046710252762,74.57723999023438,0.16505038738250732,83.13555145263672,0.12580882534384727,89.1988296508789,0.268777871131897,10200.0,4495.0,10200.0
0.0061519624929664484,0.016597938537597657,1.4206413269042968,0.08687134757637978,0.009903326584026217,0.2798043221235275,95.70525360107422,0.47128485441207885,72.81053161621094,0.2804315462708473,85.66529846191406,0.1646549642086029,92.53968811035156,0.12769097536802293,91.87342834472656,0.2621953010559082,10300.0,4500.0,10300.0
0.00610998865199716,0.01604595184326172,1.5276363611221313,0.09796900227665901,0.011193776410073042,0.2716387346386909,92.05901336669922,0.5107954204082489,59.98908615112305,0.311127582192421,72.0890121459961,0.1869610905647278,84.26353454589844,0.13795072659850122,88.08641052246094,0.26052443981170653,10400.0,4493.0,10400.0
0.006067999376489078,0.014330863952636719,1.502424669265747,0.09351318404078483,0.010863229166716337,0.27621416598558424,92.13416290283203,0.49654875993728637,68.11534881591797,0.3028744161128998,79.3114242553711,0.1820519432425499,87.65534210205078,0.14035895764827727,89.31378936767578,0.2584796190261841,10500.0,4496.0,10500.0
0.0060259945463713655,0.015304183959960938,1.3563439130783081,0.07908632829785348,0.009508124459534884,0.28726927787065504,95.09272003173828,0.45105570554733276,79.73704528808594,0.26288011819124224,88.58744049072266,0.14980502054095268,92.378662109375,0.11673932000994683,91.74720001220703,0.2615504264831543,10600.0,4495.0,10600.0
0.005983974039735889,0.014304113388061524,1.3698144793510436,0.08256812319159508,0.010120744816958904,0.2733612909913063,92.61953735351562,0.44943948090076447,65.07896423339844,0.2712988331913948,78.28192138671875,0.1590650573372841,85.78335571289062,0.1239609807729721,89.14057159423828,0.26077368259429934,10700.0,4494.0,10700.0
0.005941937732795077,0.011666822433471679,1.5719974160194397,0.12076369151473046,0.012900376040488482,0.2890148401260376,92.60726928710938,0.5124476492404938,68.84078216552734,0.3041735902428627,80.53595733642578,0.1854493424296379,88.0207748413086,0.14724789336323738,88.78364562988281,0.25223703384399415,10800.0,4501.0,10800.0
0.0058998854998384715,0.01358339786529541,1.4894505262374877,0.10114012956619263,0.011550534702837466,0.28811314702033997,90.92135620117188,0.4832153022289276,66.0095443725586,0.29283517152071,75.6751480102539,0.17352216094732284,84.24525451660156,0.13907404914498328,88.37879943847656,0.257378077507019,10900.0,4497.0,10900.0
0.005857817213187976,0.017881608009338378,1.4298056721687318,0.09453325793147087,0.011305436305701733,0.2793335407972336,92.11917114257812,0.47163647711277007,68.0584945678711,0.2806376561522484,80.05083465576172,0.16216754168272018,87.82527160644531,0.13019176572561264,89.12947845458984,0.2659284591674805,11000.0,4498.0,11000.0
0.005815732743151645,0.013589215278625489,1.5325266480445863,0.09486704990267754,0.010830219369381666,0.25682270526885986,94.79698181152344,0.5348888814449311,66.35858154296875,0.3151900082826614,81.86956787109375,0.1806429609656334,89.95706939697266,0.13928482234477996,92.03104400634766,0.25706660747528076,11100.0,4493.0,11100.0
0.00577363195797609,0.017052865028381346,1.4983612179756165,0.09372272565960885,0.01081708986312151,0.286749055981636,91.37435913085938,0.5075092315673828,68.88762664794922,0.2969681307673454,77.83744812011719,0.17588015049695968,85.81346130371094,0.12671486809849739,89.78073120117188,0.267407488822937,11200.0,4498.0,11200.0
0.005731514723797328,0.020168113708496093,1.442642092704773,0.08662506565451622,0.010605687089264394,0.2674491599202156,92.19391632080078,0.5018949478864669,67.02201843261719,0.29204530119895933,77.19847869873047,0.15915129631757735,87.06144714355469,0.124870665371418,89.32818603515625,0.27054951190948484,11300.0,4497.0,11300.0
0.005689380904590092,0.021492433547973634,1.5619828701019287,0.10326941683888435,0.011852556467056274,0.2809017330408096,93.24995422363281,0.5117185890674592,71.91632843017578,0.3147320613265038,79.1645278930664,0.1936485707759857,86.6664047241211,0.14585995227098464,89.2639389038086,0.2690232753753662,11400.0,4498.0,11400.0
0.005647230362115479,0.02086021900177002,1.4946332931518556,0.11198486909270286,0.011528472369536757,0.29961659014225006,95.04663848876953,0.46311821043491364,69.99905395507812,0.28600268959999087,83.22743225097656,0.17713152766227722,89.73668670654297,0.14525092393159866,92.65486145019531,0.271732497215271,11500.0,4496.0,11500.0
0.0056050629558669655,0.013033246994018555,1.6099320769309997,0.10404623448848724,0.011606887448579073,0.279729300737381,95.37446594238281,0.5406716078519821,76.87936401367188,0.3233858644962311,87.28399658203125,0.2001413568854332,92.66732788085938,0.15035077929496765,92.89234924316406,0.25451340675354006,11600.0,4501.0,11600.0
0.005562878543014592,0.01638345718383789,1.6003373384475708,0.10393149815499783,0.011584970820695161,0.3001995667815208,89.77571868896484,0.521430253982544,69.48285675048828,0.3281975373625755,79.24734497070312,0.1916151225566864,85.1787338256836,0.143378397077322,85.88969421386719,0.2635188102722168,11700.0,4499.0,11700.0
0.005520676978347326,0.013961052894592286,1.4082584023475646,0.09208687692880631,0.010793962888419628,0.2701325550675392,91.41326141357422,0.47335692346096037,55.465087890625,0.2709550604224205,75.24732971191406,0.15939232856035232,85.64159393310547,0.1315407209098339,88.24039459228516,0.2565471887588501,11800.0,4499.0,11800.0
0.00547845811421355,0.015896868705749512,1.5180471301078797,0.10397222563624382,0.011429276689887047,0.2829972058534622,93.79574584960938,0.49987471401691436,70.2791976928711,0.29863962829113005,83.15604400634766,0.18028804585337638,91.0305404663086,0.14084603637456894,90.07601165771484,0.26067438125610354,11900.0,4466.0,11900.0
0.005436221800459492,0.012462949752807618,1.5818779826164246,0.11176458895206451,0.011592704569920897,0.2887729614973068,92.76138305664062,0.5104403883218765,67.3486328125,0.31184846311807635,76.06522369384766,0.19258706271648407,86.1844482421875,0.1548718050122261,90.03241729736328,0.2541910886764526,12000.0,4498.0,12000.0
0.005393967884365642,0.01845107078552246,1.4917799592018128,0.1003792978823185,0.01095294076949358,0.2910889074206352,90.35872650146484,0.4857879370450974,68.29586029052734,0.2889102414250374,79.8319091796875,0.17677285820245742,85.70594024658203,0.13788780942559242,87.28804779052734,0.2660310983657837,12100.0,4500.0,12100.0
0.005351696210580963,0.01654670238494873,1.4048247575759887,0.09582768678665161,0.010514237731695176,0.28082714676856996,94.20465850830078,0.45118885636329653,66.25090789794922,0.2704840421676636,81.56936645507812,0.1622934475541115,89.46660614013672,0.13368934243917466,91.49982452392578,0.263878607749939,12200.0,4493.0,12200.0
0.005309406621054848,0.019400644302368163,1.476156759262085,0.09332806393504142,0.010794040746986866,0.2788003280758858,94.14146423339844,0.49126942455768585,71.76580047607422,0.2950311467051506,81.37854766845703,0.17204185128211974,86.82637023925781,0.13489189073443414,91.09200286865234,0.27168729305267336,12300.0,4499.0,12300.0
0.005267098954966753,0.016666698455810546,1.4880582451820374,0.09924256801605225,0.011114090913906693,0.275859634578228,95.24199676513672,0.489947172999382,79.6920394897461,0.2933830052614212,88.6131362915039,0.1788340225815773,92.69268798828125,0.13967777267098427,91.57878875732422,0.26354446411132815,12400.0,4466.0,12400.0
0.005224773048653308,0.01367654800415039,1.5286199927330018,0.10668817013502122,0.011020706500858068,0.2965196222066879,93.51034545898438,0.49817884564399717,71.27696228027344,0.2946445867419243,84.01801300048828,0.1810194507241249,90.16728210449219,0.1405486434698105,91.1571273803711,0.2571923017501831,12500.0,4497.0,12500.0
0.005182428735532932,0.014950203895568847,1.4540931582450867,0.08365402296185494,0.009884269535541534,0.2623978078365326,96.06010437011719,0.5035404860973358,82.6691665649414,0.29658055305480957,89.6199722290039,0.1708005264401436,93.6320571899414,0.12723552584648132,93.24177551269531,0.25896363258361815,12600.0,4499.0,12600.0
0.005140065846027739,0.02164280414581299,1.4573869466781617,0.09403852894902229,0.010739219700917601,0.2677919566631317,95.39212799072266,0.4959649533033371,77.90254974365234,0.28548637628555296,87.31454467773438,0.17090778350830077,91.85417938232422,0.13245811983942984,92.18112182617188,0.27013990879058836,12700.0,4493.0,12700.0
0.005097684207482616,0.01675276756286621,1.4720792412757873,0.0933521069586277,0.011132638156414031,0.2748827591538429,92.25269317626953,0.48520769476890563,65.02300262451172,0.2986756578087807,78.14697265625,0.17482707276940346,87.44246673583984,0.13400128930807115,89.42013549804688,0.26267712116241454,12800.0,4501.0,12800.0
0.0050552836440814234,0.016630792617797853,1.3951295614242554,0.0868673525750637,0.010382707370445133,0.2693750649690628,93.70628356933594,0.46869922876358033,72.42024993896484,0.27085495591163633,80.71550750732422,0.16301810666918753,85.64356231689453,0.12593211978673935,90.06693267822266,0.2628379583358765,12900.0,4499.0,12900.0
0.005012863976760105,0.020295119285583495,1.5351995587348939,0.11377061977982521,0.012642229534685611,0.287830775976181,95.50546264648438,0.4975452274084091,75.8474349975586,0.29967030584812165,86.71289825439453,0.1786215215921402,93.18799591064453,0.14511890336871147,92.43194580078125,0.26874604225158694,13000.0,4499.0,13000.0
0.004970425023116596,0.01529076099395752,1.3434787750244142,0.08621073737740517,0.010244282986968755,0.27918319702148436,94.70388793945312,0.4332643926143646,67.17843627929688,0.2548620209097862,76.85502624511719,0.15450922176241874,86.73046875,0.12520492523908616,88.70760345458984,0.2609238624572754,13100.0,4495.0,13100.0
0.0049279665973174245,0.02008213996887207,1.410087811946869,0.09462204277515411,0.010881732683628798,0.26899549216032026,95.27747344970703,0.45999021232128146,73.30485534667969,0.27422292679548266,82.08214569091797,0.16952668875455856,90.83427429199219,0.1318487122654915,92.0225830078125,0.2678555965423584,13200.0,4495.0,13200.0
0.0048854885100007356,0.01442410945892334,1.5855056524276734,0.09497356787323952,0.01057947613298893,0.27743555307388307,95.84381103515625,0.5431436985731125,68.30326843261719,0.33951258212327956,82.83434295654297,0.18884455189108848,90.24344635009766,0.13101622983813285,92.43920135498047,0.25916357040405275,13300.0,4498.0,13300.0
0.004842990568175737,0.018128323554992675,1.557808768749237,0.10962900817394257,0.011984770372509956,0.30083426237106325,92.54344177246094,0.501628965139389,70.03315734863281,0.30446048378944396,77.60094451904297,0.18530458211898804,87.87049102783203,0.14396670162677766,90.05677032470703,0.26599090099334716,13400.0,4499.0,13400.0
0.004800472575118202,0.016995453834533693,1.445080828666687,0.0894027255475521,0.010744035243988037,0.2723031878471375,92.6637954711914,0.4789102733135223,73.26846313476562,0.2876580074429512,83.29256439208984,0.1749914415180683,88.44081115722656,0.1310711994767189,89.34171295166016,0.2651678562164307,13500.0,4469.0,13500.0
0.004757934330262029,0.01595289707183838,1.5051728010177612,0.1004024662077427,0.01131350863724947,0.2867256924510002,92.08132934570312,0.4990208297967911,71.70140838623047,0.2954869955778122,78.93636322021484,0.17473105788230897,88.79653930664062,0.13749222606420516,89.77923583984375,0.2621820688247681,13600.0,4500.0,13600.0
0.004715375629086499,0.014502549171447754,1.3388897776603699,0.07945938184857368,0.009173528105020524,0.2583891600370407,94.9766845703125,0.4601236552000046,78.92706298828125,0.26229861825704576,88.05056762695312,0.14679894000291824,91.77093505859375,0.12264649346470832,90.7384033203125,0.2578073501586914,13700.0,4499.0,13700.0
0.004672796262999169,0.016822552680969237,1.348970401287079,0.07624463699758052,0.009131859056651592,0.2634985461831093,94.46359252929688,0.468105086684227,75.24463653564453,0.2700350910425186,84.18260955810547,0.1480107933282852,88.3271713256836,0.11394438743591309,90.98554992675781,0.26524744033813474,13800.0,4500.0,13800.0
0.004630196019214075,0.018219709396362305,1.7167765140533446,0.12468625009059905,0.013205852545797824,0.29060378968715667,91.8773422241211,0.560887923836708,64.626953125,0.3524782583117485,77.38388061523438,0.2118389740586281,85.90179443359375,0.16307548806071281,88.95758056640625,0.2680739641189575,13900.0,4499.0,13900.0
0.004587574680625061,0.016353034973144533,1.3923600792884827,0.09032274931669235,0.0106698933057487,0.28407792299985885,92.89180755615234,0.4597395271062851,63.080345153808594,0.25941055715084077,78.78817749023438,0.1578241340816021,87.2635498046875,0.13031528145074844,90.03619384765625,0.26129019260406494,14000.0,4498.0,14000.0
0.0045449320256739385,0.012383246421813964,1.5060704708099366,0.10008185207843781,0.011292722728103399,0.2533198997378349,94.96113586425781,0.524145969748497,75.06243896484375,0.30109216272830963,87.53343200683594,0.17394933924078942,92.50255584716797,0.14218852072954177,92.31913757324219,0.2517305135726929,14100.0,4496.0,14100.0
0.0045022678282133285,0.01670727729797363,1.5000182747840882,0.0961799219250679,0.011100069712847471,0.277445550262928,92.58195495605469,0.48881484270095826,63.722991943359375,0.3010128438472748,75.97827911376953,0.18569172620773317,83.689453125,0.13977335020899773,89.16751098632812,0.26389365196228026,14200.0,4498.0,14200.0
0.0044595818573637605,0.02023956775665283,1.3883246183395386,0.0921537458896637,0.01099427668377757,0.26518289297819136,92.46947479248047,0.4576206088066101,67.63082885742188,0.2719537243247032,80.05656433105469,0.1632423371076584,85.36518859863281,0.12717699259519577,90.59528350830078,0.26777541637420654,14300.0,4500.0,14300.0
0.0044168738773648466,0.01822049617767334,1.2773587465286256,0.07787479721009731,0.009131051041185856,0.2789612621068954,95.83904266357422,0.43109645545482633,72.81856536865234,0.23610515296459197,84.5894546508789,0.1334523342549801,92.4525146484375,0.11073763817548751,92.86389923095703,0.2621611595153809,14400.0,4499.0,14400.0
0.004374143647420148,0.015344691276550294,1.3027610063552857,0.08093579411506653,0.009918499365448951,0.2573247209191322,94.71260833740234,0.43687044978141787,72.6925277709961,0.24471126794815062,82.97673797607422,0.15022559463977814,90.00923156738281,0.12277467548847198,92.20561981201172,0.25956604480743406,14500.0,4495.0,14500.0
0.004331390921535444,0.015423870086669922,1.3487242221832276,0.08223568424582481,0.009555574180558324,0.26905198991298673,93.45582580566406,0.45470939874649047,66.92383575439453,0.2546633005142212,78.70316314697266,0.15498541072010993,84.88436889648438,0.12352284342050553,91.04790496826172,0.2607149124145508,14600.0,4498.0,14600.0
0.004288615448350019,0.012377429008483886,1.4802610516548156,0.08375570587813855,0.009984196117147803,0.2486465334892273,91.41423797607422,0.5045127093791961,61.64228439331055,0.3106132477521896,76.01834869384766,0.1904576227068901,83.99575805664062,0.13229105919599532,86.2763442993164,0.25248568058013915,14700.0,4498.0,14700.0
0.0042458169709606005,0.014710688591003418,1.3063032150268554,0.0794322058558464,0.00950362249277532,0.25837384909391403,94.65076446533203,0.42904931008815766,71.18385314941406,0.2498356968164444,82.51335906982422,0.16029949784278869,90.8398666381836,0.11980903744697571,92.1628189086914,0.2584747552871704,14800.0,4501.0,14800.0
0.004202995226737572,0.014986014366149903,1.2556300044059754,0.07277026027441025,0.008925489662215114,0.24787904173135758,94.82401275634766,0.4451117366552353,77.0112075805664,0.2384485810995102,86.98656463623047,0.13449707478284836,91.49781036376953,0.1079978346824646,92.1381607055664,0.2594052791595459,14900.0,4499.0,14900.0
0.004160149947132938,0.018128561973571777,1.3349063634872436,0.08419357165694237,0.009877044055610896,0.26920840293169024,94.18253326416016,0.4479148894548416,79.5443115234375,0.2542907282710075,88.23649597167969,0.14819538593292236,90.99921417236328,0.121226367354393,91.03215026855469,0.26649932861328124,15000.0,4499.0,15000.0
0.004117280857479721,0.017888736724853516,1.27211092710495,0.07814671620726585,0.009532800642773509,0.24999527782201766,94.05889892578125,0.44382951557636263,64.09107208251953,0.2451108455657959,77.24150848388672,0.13260420337319373,87.68851470947266,0.1128915399312973,90.89727020263672,0.26480655670166015,15100.0,4499.0,15100.0
0.004074387676782169,0.013368177413940429,1.5115138173103333,0.09344981536269188,0.010205462528392672,0.28452027440071104,95.19302368164062,0.5100391030311584,77.58220672607422,0.3017584264278412,85.62397003173828,0.17587921693921088,90.95738220214844,0.1356615275144577,92.50071716308594,0.2574243783950806,15200.0,4501.0,15200.0
0.0040314701174963205,0.02157559394836426,1.314147937297821,0.08228349536657334,0.009800647804513573,0.2587647199630737,94.06587982177734,0.4420166015625,72.64588928222656,0.251217445731163,83.22135162353516,0.1500064328312874,90.45708465576172,0.12005860954523087,91.1617202758789,0.27042064666748045,15300.0,4498.0,15300.0
0.0039885278853004046,0.0119767427444458,1.409563946723938,0.08879659548401833,0.010100347828119994,0.2787890374660492,93.29570007324219,0.4686007112264633,78.3551254272461,0.2736953392624855,86.50981140136719,0.16081124618649484,90.55123901367188,0.1287706710398197,90.873779296875,0.25113558769226074,15400.0,4497.0,15400.0
0.003945560678854309,0.017305588722229003,1.251057505607605,0.07529863901436329,0.008901415951550007,0.248825541138649,94.70573425292969,0.4269303441047668,74.29035949707031,0.23430123031139374,86.45268249511719,0.14506688192486764,91.48116302490234,0.1117334395647049,91.30320739746094,0.264738941192627,15500.0,4498.0,15500.0
0.0039025681895476596,0.018202447891235353,1.3308531284332275,0.08749854043126107,0.010192439099773765,0.2570971056818962,94.8883056640625,0.43977363407611847,75.98223876953125,0.2550716444849968,85.48133087158203,0.1541718751192093,91.57709503173828,0.1270478881895542,91.5403060913086,0.26590476036071775,15600.0,4498.0,15600.0
0.0038595501012357405,0.019714212417602538,1.3553881525993348,0.08240200057625771,0.009636898944154381,0.271981842815876,92.14690399169922,0.46488810777664186,67.6415786743164,0.25310810953378676,78.4410171508789,0.15232704281806947,86.6786117553711,0.12104414105415344,87.76809692382812,0.2680866479873657,15700.0,4495.0,15700.0
0.003816506089962599,0.014406919479370117,1.3288355588912963,0.07512002661824227,0.009074208652600646,0.23799519687891008,95.41554260253906,0.4784788012504578,71.51792907714844,0.26426954865455626,83.51272583007812,0.15052905678749084,89.2695541381836,0.11336870715022088,91.25838470458984,0.25960049629211424,15800.0,4499.0,15800.0
0.0037734358236702803,0.013176512718200684,1.4096320629119874,0.08435377925634384,0.009983641467988491,0.26722334772348405,95.0119857788086,0.4847839683294296,75.03598022460938,0.27257186025381086,85.99209594726562,0.16656536161899566,91.33808135986328,0.12415005788207054,92.67265319824219,0.2556353330612183,15900.0,4498.0,15900.0
0.0037303389618936816,0.016303205490112306,1.3581096053123474,0.08559170290827751,0.009997040359303355,0.25966652780771254,94.20587158203125,0.45068825483322145,73.22806549072266,0.2673409506678581,81.01847076416016,0.16287880539894103,86.97298431396484,0.1219462975859642,91.04608154296875,0.260148811340332,16000.0,4498.0,16000.0
0.0036872151554398877,0.014356684684753419,1.3407472133636475,0.08381006643176078,0.009793246537446976,0.25302219539880755,93.35531616210938,0.4565915733575821,60.55174255371094,0.2602955773472786,76.38333129882812,0.15582176595926284,87.53291320800781,0.12141277268528938,90.02722930908203,0.25962371826171876,16100.0,4499.0,16100.0
0.0036440640460510608,0.013653993606567383,1.404353642463684,0.08751353286206723,0.009727157792076469,0.26829098761081693,92.15726470947266,0.48125184774398805,72.58626556396484,0.2695731818675995,82.3805923461914,0.16409536078572273,87.03339385986328,0.12390157505869866,89.48152160644531,0.2551993131637573,16200.0,4500.0,16200.0
0.003600885266049842,0.018217587471008302,1.335532784461975,0.07486570328474045,0.009330615215003491,0.2423423111438751,94.61589050292969,0.4689614802598953,69.98939514160156,0.26629954278469087,85.05289459228516,0.15960822999477386,90.1176986694336,0.11412492617964745,90.9004898071289,0.264845085144043,16300.0,4498.0,16300.0
0.003557678437966072,0.014263534545898437,1.3503204464912415,0.08217930719256401,0.010028705233708024,0.2656222850084305,93.14070129394531,0.45846211314201357,73.56694793701172,0.26008784770965576,85.70809936523438,0.15360267013311385,90.18548583984375,0.12033752724528313,90.70391082763672,0.2567032814025879,16400.0,4500.0,16400.0
0.0035144431741436087,0.017394638061523436,1.4089653015136718,0.0799955151975155,0.00932719954289496,0.2522467106580734,94.41267395019531,0.4946641594171524,67.05472564697266,0.29121221154928206,76.44139099121094,0.16145562678575515,88.304443359375,0.12006387412548065,91.5553970336914,0.2643435955047607,16500.0,4499.0,16500.0
0.003471179076325933,0.01666548252105713,1.2092799484729766,0.06603938341140747,0.008014525938779115,0.23873073160648345,94.27850341796875,0.42962642908096316,72.81948852539062,0.23260128051042556,84.64936828613281,0.12798406928777695,91.19538879394531,0.106283550709486,91.51666259765625,0.2610750198364258,16600.0,4498.0,16600.0
0.0034278857352190205,0.013518285751342774,1.2446482300758361,0.07565728947520256,0.009362804843112827,0.26416410952806474,95.03227233886719,0.422912535071373,76.62567901611328,0.2244202598929405,87.17830657958984,0.1331363409757614,92.45391845703125,0.11499488279223442,92.38343811035156,0.2574505567550659,16700.0,4501.0,16700.0
0.00338456273002998,0.019965100288391113,1.3439130067825318,0.08549217991530896,0.010017514321953058,0.2648615315556526,94.5003890991211,0.4566376835107803,65.89293670654297,0.25694444626569746,81.38745880126953,0.14912745952606202,90.57337188720703,0.12083219289779663,91.5504150390625,0.2693181037902832,16800.0,4495.0,16800.0
0.0033412096279797254,0.020453786849975585,1.23027560710907,0.07460971400141717,0.008797330828383566,0.252612379193306,94.99726867675781,0.4188518077135086,73.54914093017578,0.2270953968167305,85.97845458984375,0.135713442414999,91.42682647705078,0.11259552165865898,92.06938934326172,0.26725306510925295,16900.0,4469.0,16900.0
0.0032978259837878167,0.013680601119995117,1.2363276839256288,0.06912040673196315,0.008848527073860168,0.24296678155660628,93.96927642822266,0.4345087677240372,73.65393829345703,0.23896540850400924,82.16946411132812,0.13586139902472497,88.45916748046875,0.10605635344982148,90.69853210449219,0.25442304611206057,17000.0,4493.0,17000.0
0.0032544113391275047,0.015129733085632324,1.3424723267555236,0.07633885517716407,0.009099772525951266,0.2543912693858147,93.88238525390625,0.4805434674024582,66.85513305664062,0.25962251126766206,80.91483306884766,0.15182461813092232,87.59453582763672,0.11065180748701095,90.80821228027344,0.2582771062850952,17100.0,4469.0,17100.0
0.003210965222048737,0.015672016143798827,1.449474024772644,0.08886714428663253,0.010321263689547777,0.27951762080192566,94.50437927246094,0.48649791777133944,73.91313171386719,0.28426590710878374,82.10281372070312,0.16836219280958176,89.40127563476562,0.1316419743001461,90.5424575805664,0.2614159345626831,17200.0,4496.0,17200.0
0.0031674871463668267,0.012024283409118652,1.4162490248680115,0.09217813834547997,0.010156705789268018,0.2594898328185081,93.81887817382812,0.48410786390304567,70.36477661132812,0.27501572370529176,80.95244598388672,0.16704235151410102,87.61288452148438,0.1282584063708782,90.30567932128906,0.25192716121673586,17300.0,4499.0,17300.0
0.0031239766110141213,0.016906380653381348,1.3284425139427185,0.07739710696041584,0.00924228667281568,0.2510278284549713,95.22550964355469,0.4724579244852066,69.8413314819336,0.2562736958265305,84.62740325927734,0.14421467036008834,91.88701629638672,0.11782903671264648,92.44528198242188,0.26147277355194093,17400.0,4498.0,17400.0
0.0030804330993518523,0.02004871368408203,1.2926657676696778,0.07389955446124077,0.009122391976416112,0.25710091590881345,95.38301086425781,0.44583418369293215,76.36524200439453,0.24301926493644715,84.37875366210938,0.1492386482656002,89.83391571044922,0.11445084661245346,91.62293243408203,0.26786930561065675,17500.0,4500.0,17500.0
0.0030368560784391077,0.01357886791229248,1.3402714610099793,0.08375468775629998,0.009873055899515749,0.2518879994750023,93.6197280883789,0.4661349356174469,65.96415710449219,0.26031787395477296,80.69169616699219,0.14776143580675125,88.44232940673828,0.12054146379232407,90.5548324584961,0.25336556434631347,17600.0,4498.0,17600.0
0.002993244998255495,0.017773914337158202,1.2725152015686034,0.07932365126907825,0.009496878599748015,0.26771740317344667,93.34954833984375,0.4207760065793991,79.44853973388672,0.22931890040636063,87.9106674194336,0.14738961085677146,89.51502227783203,0.11849277466535568,90.28123474121094,0.2640627145767212,17700.0,4500.0,17700.0
0.0029495992908738374,0.014978885650634766,1.3638673424720764,0.07889543883502484,0.009518719417974353,0.262321425974369,95.12520599365234,0.4617064744234085,79.23426818847656,0.273406508564949,88.65986633300781,0.16010404974222184,92.41090393066406,0.11791476234793663,91.83966827392578,0.26006307601928713,17800.0,4499.0,17800.0
0.0029059183695787616,0.01905980110168457,1.3765182971954346,0.08958361186087131,0.01000501187518239,0.27617281675338745,94.0009994506836,0.4541939556598663,73.84812927246094,0.25844241827726366,84.12931823730469,0.15932757556438445,89.43169403076172,0.12879290357232093,90.79684448242188,0.26626565456390383,17900.0,4499.0,17900.0
0.002862201627926731,0.01165621280670166,1.4424861669540405,0.09381701946258544,0.010107133770361543,0.25980359613895415,93.76717376708984,0.47180934250354767,65.62284851074219,0.28674318045377734,75.8745346069336,0.18576255366206168,85.1778335571289,0.1344433031976223,89.50934600830078,0.25188910961151123,18000.0,4501.0,18000.0
0.0028184484387426107,0.019920086860656737,1.246011447906494,0.07482021078467369,0.00904957763850689,0.26778128296136855,93.61679077148438,0.4194848328828812,72.3739013671875,0.22593811750411988,86.51387786865234,0.1394171491265297,90.6792984008789,0.10952026844024658,91.45650482177734,0.2690077781677246,18100.0,4499.0,18100.0
0.0027746581530472937,0.016321611404418946,1.1937658667564393,0.06700740456581115,0.008277817722409963,0.2284984216094017,95.36099243164062,0.4218826204538345,72.56961822509766,0.2332393005490303,87.22708892822266,0.12986949533224107,92.40142822265625,0.10499079823493958,92.85145568847656,0.2598551034927368,18200.0,4497.0,18200.0
0.002730830098910401,0.01628413200378418,1.3129230976104735,0.07366197779774666,0.008930213795974851,0.2394585907459259,94.98705291748047,0.4629749834537506,71.0597152709961,0.26179119795560835,82.23180389404297,0.15290311947464943,89.82622528076172,0.1132030300796032,92.7022933959961,0.2612066507339478,18300.0,4499.0,18300.0
0.0026869635802214114,0.013169574737548827,1.310872459411621,0.07535554096102715,0.009228096529841422,0.25304019153118135,95.19834899902344,0.4533673584461212,74.96540069580078,0.257240991294384,85.6445541381836,0.14865175485610962,91.5119857788086,0.11398849338293075,92.56664276123047,0.254056978225708,18400.0,4501.0,18400.0
0.0026430578753718365,0.015963649749755858,1.2886480569839478,0.07033921144902706,0.008286789152771234,0.22526173740625383,94.44243621826172,0.4665815860033035,73.41194915771484,0.25859941989183427,86.39461517333984,0.14736882150173186,91.59479522705078,0.1122104860842228,91.48834228515625,0.2622863531112671,18500.0,4493.0,18500.0
0.0025991122358403037,0.014180684089660644,1.2870792388916015,0.07599613666534424,0.008974899677559734,0.2567741498351097,94.75231170654297,0.44079077541828154,73.4740982055664,0.24451038837432862,82.3507308959961,0.1473637416958809,87.36626434326172,0.11266912072896958,91.68489074707031,0.25834832191467283,18600.0,4498.0,18600.0
0.002555125884671449,0.015088105201721191,1.44062237739563,0.07707063406705857,0.009197426121681928,0.24738850742578505,94.5052261352539,0.5205690830945968,66.1726303100586,0.29803974330425265,78.00863647460938,0.16863968819379807,87.1717529296875,0.1197173111140728,90.89907836914062,0.262173056602478,18700.0,4494.0,18700.0
0.0025110980148384606,0.016071629524230958,1.2195447444915772,0.07228225395083428,0.008846652088686823,0.24220986366271974,95.86566925048828,0.42794105112552644,79.2984619140625,0.22980875372886658,89.99361419677734,0.13178641274571418,93.11022186279297,0.10666972994804383,92.99449157714844,0.2578247308731079,18800.0,4499.0,18800.0
0.0024670277874780182,0.011298799514770507,1.3428639411926269,0.08102795332670212,0.009521765960380435,0.2482389733195305,92.64881134033203,0.46380764842033384,67.1755599975586,0.2657829999923706,78.05960083007812,0.1547103613615036,88.08808135986328,0.1197742536664009,90.10592651367188,0.2503610849380493,18900.0,4495.0,18900.0
0.002422914329984933,0.016551518440246583,1.3473246693611145,0.07846372425556183,0.009227329446002842,0.24325205534696578,92.94147491455078,0.48924300670623777,70.6114273071289,0.2615301698446274,82.04912567138672,0.14819023087620736,89.4637680053711,0.11741818860173225,91.66168212890625,0.26358304023742674,19000.0,4499.0,19000.0
0.0023787567339523434,0.013680720329284668,1.451856529712677,0.08329246938228607,0.009903158526867628,0.23819509744644166,93.56658172607422,0.5198671907186508,75.15081024169922,0.3046867251396179,81.34898376464844,0.17004521191120148,89.49171447753906,0.12586667016148567,91.20397186279297,0.2567039251327515,19100.0,4494.0,19100.0
0.0023345540529415084,0.018742704391479494,1.2265270173549652,0.06887238584458828,0.008344007469713689,0.24645285606384276,93.3245620727539,0.42341630458831786,67.53606414794922,0.23784826546907425,77.89038848876953,0.13596054837107657,85.65811157226562,0.10563263222575188,90.38106536865234,0.2643353700637817,19200.0,4497.0,19200.0
0.0022903053000632753,0.01625659465789795,1.394255566596985,0.07384981215000153,0.0087501450907439,0.2452437624335289,94.69442749023438,0.491271847486496,70.44500732421875,0.2933144509792328,81.27703094482422,0.16559987142682076,87.50360107421875,0.11622568145394326,91.8790512084961,0.26222178936004636,19300.0,4469.0,19300.0
0.0022460094453509395,0.0174576997756958,1.3433515310287476,0.07893147729337216,0.009446016605943441,0.25885267853736876,95.451416015625,0.4685683935880661,77.32355499267578,0.2631357118487358,87.96100616455078,0.1494694694876671,92.69306945800781,0.11494778469204903,93.5782699584961,0.2637482166290283,19400.0,4495.0,19400.0
0.0022016654129016072,0.02066371440887451,1.3389792084693908,0.07355906143784523,0.008978321915492415,0.2388166606426239,94.5024642944336,0.4787577748298645,70.04105377197266,0.26727419197559354,83.77324676513672,0.15648474767804146,89.11518096923828,0.1151084505021572,91.24022674560547,0.27222795486450196,19500.0,4498.0,19500.0
0.0021572720777600263,0.02107813358306885,1.2993173360824586,0.07155309282243252,0.008877905551344156,0.24322297424077988,95.45199584960938,0.4641783118247986,74.50238800048828,0.2606553971767426,86.88491821289062,0.14124989211559297,91.78461456298828,0.10957979187369346,92.24641418457031,0.26847500801086427,19600.0,4468.0,19600.0
0.0021128282625153248,0.0160003662109375,1.2818550944328309,0.06941125467419625,0.008467013109475374,0.22432043999433518,94.9873275756836,0.4652260720729828,69.13980102539062,0.2571709081530571,80.18212127685547,0.15004077032208443,86.50151062011719,0.1072186328470707,91.974609375,0.26034667491912844,19700.0,4498.0,19700.0
0.002068332733576851,0.020325732231140137,1.1958941221237183,0.06337867043912411,0.007858556089922785,0.24568604975938796,95.3573989868164,0.42367867231369016,73.51251220703125,0.2244611442089081,83.25881958007812,0.12952028587460518,90.23005676269531,0.10131071954965591,92.50178527832031,0.26793713569641114,19800.0,4499.0,19800.0
0.0020237841970905672,0.017608785629272462,1.3727284133434297,0.07903255373239518,0.00905185374431312,0.2684224471449852,96.50587463378906,0.4567186444997787,80.0076904296875,0.26898812800645827,91.15484619140625,0.17197796404361726,94.38964080810547,0.11853681653738021,93.7098388671875,0.2648040771484375,19900.0,4498.0,19900.0
0.00197918129445161,0.01613037586212158,1.2405990958213806,0.07057990357279778,0.008401858154684305,0.2402129739522934,94.78416442871094,0.4351543694734573,78.31998443603516,0.2405430018901825,88.67172241210938,0.13765039071440696,92.8172836303711,0.10805656909942626,92.65316009521484,0.2603562831878662,20000.0,4493.0,20000.0
0.001934522597361985,0.01993403434753418,1.2289148688316345,0.06760800331830978,0.008179981168359518,0.2186965599656105,95.49888610839844,0.45089463591575624,74.50557708740234,0.23823370039463043,86.16168975830078,0.13455052822828292,92.07816314697266,0.11075146794319153,92.25393676757812,0.2717962980270386,20100.0,4497.0,20100.0
0.0018898066023744352,0.015585231781005859,1.2013062119483948,0.06787380985915661,0.00795514634810388,0.2320392534136772,94.53196716308594,0.430243057012558,75.1535873413086,0.2339838296175003,89.35505676269531,0.1284138575196266,92.7926025390625,0.10079724937677384,92.33096313476562,0.25854527950286865,20200.0,4469.0,20200.0
0.001845031724854085,0.01680576801300049,1.3241566956043243,0.0703247033059597,0.008617127314209938,0.24597983807325363,95.55644989013672,0.4794441759586334,73.16480255126953,0.2636966273188591,84.23255920410156,0.14366141259670256,92.64439392089844,0.11243277713656426,93.16112518310547,0.2655694246292114,20300.0,4494.0,20300.0
0.0018001962922783359,0.01470952033996582,1.3493163466453553,0.07406086809933185,0.008856606483459473,0.2432822659611702,95.24382781982422,0.4663211226463318,71.58544921875,0.28298028856515883,81.71934509277344,0.16155900582671165,90.1398696899414,0.11225619688630104,91.83590698242188,0.25728065967559816,20400.0,4498.0,20400.0
0.0017552985367820146,0.016207075119018553,1.263190233707428,0.06734607741236687,0.008192675886675715,0.23012518286705017,95.21408081054688,0.4575439661741257,70.38921356201172,0.25273996591567993,80.79096221923828,0.14119785502552987,89.97180938720703,0.10604450777173043,92.63074493408203,0.26001901626586915,20500.0,4498.0,20500.0
0.0017103365868387046,0.021769070625305177,1.3391748666763306,0.0755612924695015,0.0091857620049268,0.254275943338871,95.77477264404297,0.4554725170135498,70.31385040283203,0.2624515637755394,83.6203384399414,0.1601357452571392,91.36437225341797,0.12209202349185944,92.2904052734375,0.2688732147216797,20600.0,4499.0,20600.0
0.0016653084579497967,0.013510489463806152,1.231860339641571,0.07186950743198395,0.008470764802768826,0.24156363755464555,94.98780822753906,0.43532871901988984,66.67088317871094,0.23292346000671388,81.03572845458984,0.1354987382888794,90.00733184814453,0.10620553493499756,91.32347106933594,0.25412228107452395,20700.0,4497.0,20700.0
0.0016202120421891504,0.02038850784301758,1.1849459052085876,0.06213798858225346,0.007719383062794805,0.21169781386852266,94.38153076171875,0.4466140538454056,77.64253997802734,0.2297771841287613,86.9911117553711,0.1264123871922493,90.7259292602539,0.10058711841702461,91.50928497314453,0.2688246488571167,20800.0,4499.0,20800.0
0.0015750450964224507,0.020734834671020507,1.1941571712493897,0.06747232526540756,0.008608721429482102,0.24456980228424072,95.68685913085938,0.42006621360778806,71.96135711669922,0.2280068352818489,85.63562774658203,0.12577917128801347,92.72174072265625,0.09965409934520722,92.59658813476562,0.2684688329696655,20900.0,4498.0,20900.0
0.0015298052289850267,0.01725139617919922,1.2266502261161805,0.06603139191865921,0.008113279286772013,0.24622265994548798,96.0771255493164,0.4289073973894119,77.74198150634766,0.23216056674718857,86.52633666992188,0.13782106712460518,92.0545883178711,0.10739385336637497,92.53215789794922,0.2643249750137329,21000.0,4469.0,21000.0
0.001484489884558092,0.02014765739440918,1.1616856396198272,0.06232120878994465,0.00782315325923264,0.2336622357368469,96.08479309082031,0.4212819904088974,83.537109375,0.2165946379303932,91.66195678710938,0.12021977230906486,93.15333557128906,0.0997826412320137,92.91033935546875,0.26903884410858153,21100.0,4498.0,21100.0
0.00143909632692915,0.015981316566467285,1.3537973642349244,0.08306019529700279,0.009093188494443894,0.2483821138739586,95.40876770019531,0.4572114497423172,68.75113677978516,0.2695732727646828,81.05181884765625,0.16290600448846818,88.00346374511719,0.1235711321234703,92.20455169677734,0.26324827671051027,21200.0,4498.0,21200.0
0.0013936216192541168,0.016075992584228517,1.2551206707954408,0.06728019155561923,0.008279976481571794,0.23393531739711762,95.38040161132812,0.45698773860931396,73.92980194091797,0.2402271270751953,88.23429870605469,0.1401168942451477,91.38011932373047,0.10829342752695084,91.84046173095703,0.26044044494628904,21300.0,4467.0,21300.0
0.0013480626013529016,0.015136981010437011,1.2503315687179566,0.0694354884326458,0.00843307669274509,0.2385847494006157,95.33617401123047,0.4417070895433426,70.7929458618164,0.2473286584019661,83.7612533569336,0.13966631889343262,90.22251892089844,0.10517618134617805,92.59063720703125,0.2576130390167236,21400.0,4495.0,21400.0
0.0013024158634609314,0.01568000316619873,1.1931851148605346,0.0714911911636591,0.008624461852014065,0.23346715271472931,93.98297882080078,0.4182638615369797,71.97705078125,0.22591788321733475,84.33560943603516,0.1296563856303692,91.23702239990234,0.10576417744159698,90.83124542236328,0.261639666557312,21500.0,4499.0,21500.0
0.0012566777157189506,0.01639292240142822,1.234350597858429,0.06821655221283436,0.008458477165549993,0.22824720442295074,94.50914001464844,0.4506222575902939,70.788330078125,0.2367287263274193,80.47164154052734,0.13584462702274322,87.74236297607422,0.10623276457190514,91.83985137939453,0.26398348808288574,21600.0,4498.0,21600.0
0.0012108441525020444,0.015477705001831054,1.1977108001708985,0.06552625298500062,0.008117369981482625,0.24597010761499405,95.61813354492188,0.42914693653583524,75.9527587890625,0.22616898268461227,87.15103912353516,0.12247726246714592,91.66510772705078,0.10030387938022614,92.9649887084961,0.2573026895523071,21700.0,4499.0,21700.0
0.0011649108104516016,0.015080118179321289,1.1588555455207825,0.06537272073328496,0.008008117554709315,0.23573195338249206,95.96503448486328,0.4115273118019104,75.65931701660156,0.21344734579324723,89.3051986694336,0.12221947014331817,93.40594482421875,0.10254863277077675,93.04801940917969,0.2582031011581421,21800.0,4498.0,21800.0
0.0011188729187604528,0.021704864501953126,1.281590211391449,0.07223951816558838,0.008619120018556714,0.2336909517645836,95.61674499511719,0.4480676203966141,75.969482421875,0.2602426365017891,87.07754516601562,0.1503482647240162,93.01280212402344,0.10838208571076394,92.88731384277344,0.2711073875427246,21900.0,4497.0,21900.0
0.0010727252398422913,0.017522549629211424,1.229535847902298,0.06382661946117878,0.007969584641978144,0.22162777781486512,94.66447448730469,0.45120835304260254,76.75850677490234,0.24571314156055452,83.1739730834961,0.13497417867183686,88.87702178955078,0.10421617478132247,91.01823425292969,0.2625975370407104,22000.0,4496.0,22000.0
0.0010264619979489804,0.01880359649658203,1.3279163479804992,0.07028009183704853,0.008431192161515355,0.23850156962871552,95.75927734375,0.4605080097913742,70.56018829345703,0.2720559149980545,82.65506744384766,0.16792236045002937,87.6613540649414,0.11021722033619881,92.4894027709961,0.26438791751861573,22100.0,4500.0,22100.0
0.0009800767925204552,0.019942212104797363,1.3408588767051697,0.07381623052060604,0.008470949716866016,0.25903500020504,93.67810821533203,0.456302610039711,72.01089477539062,0.2662519603967667,83.68553924560547,0.16345038264989853,88.10382843017578,0.11353174448013306,89.1478271484375,0.26698110103607176,22200.0,4500.0,22200.0
0.0009335624919662706,0.017217397689819336,1.270789873600006,0.06710802726447582,0.00807181908749044,0.227039198577404,95.21625518798828,0.46941708624362943,71.15691375732422,0.246777805685997,85.0315933227539,0.14314071089029312,90.00719451904297,0.10923523306846619,91.76852416992188,0.2644972324371338,22300.0,4497.0,22300.0
0.0008869111020398412,0.015995240211486815,1.2565253317356109,0.06334694921970367,0.0079519453458488,0.22226113379001616,95.0543441772461,0.47007485628128054,65.1115493774414,0.24766278266906738,77.84337615966797,0.13929823264479638,87.91568756103516,0.10592943355441094,91.2104263305664,0.2632030487060547,22400.0,4498.0,22400.0
0.0008401136007465876,0.01811676025390625,1.2321881771087646,0.0713818296790123,0.008600518479943276,0.240493144094944,93.86720275878906,0.429107466340065,69.69398498535156,0.2374437391757965,82.45895385742188,0.13748340979218482,88.27703094482422,0.10767807513475418,90.59843444824219,0.2662950992584229,22500.0,4499.0,22500.0
0.0007931597284572803,0.01611180305480957,1.3039838671684265,0.06830947175621986,0.00827299295924604,0.23625544607639312,94.26148986816406,0.4703678786754608,71.29934692382812,0.2590994104743004,81.11211395263672,0.15185662731528282,87.29765319824219,0.10982203856110573,90.77115631103516,0.2593505382537842,22600.0,4501.0,22600.0
0.0007460377169694347,0.015592575073242188,1.2675655841827393,0.06876748874783516,0.008239143574610353,0.21274324953556062,94.41830444335938,0.4617653042078018,67.97443389892578,0.25762987732887266,79.66869354248047,0.14825322553515435,87.00485229492188,0.11016732901334762,90.929443359375,0.259920334815979,22700.0,4469.0,22700.0
0.0006987339336363931,0.019330358505249022,1.197529101371765,0.07062177695333957,0.008802684349939227,0.23951099961996078,96.00048065185547,0.4009920597076416,72.51152801513672,0.226218581199646,86.3214111328125,0.13872882574796677,93.33003234863281,0.11265418827533721,93.49492645263672,0.26539433002471924,22800.0,4498.0,22800.0
0.0006512324045400117,0.020088601112365722,1.3551787853240966,0.0674434706568718,0.008253695676103234,0.21773008406162261,94.78619384765625,0.49812106490135194,70.95891571044922,0.29003423899412156,79.18204498291016,0.16517078280448913,84.75423431396484,0.10842546299099923,90.621826171875,0.2699030160903931,22900.0,4496.0,22900.0
0.0006035141606719511,0.01590557098388672,1.257037341594696,0.06588093042373658,0.008128062030300498,0.22688655704259872,94.93163299560547,0.46112282276153566,68.3821792602539,0.25169879496097564,80.94548797607422,0.13822812214493752,89.0972671508789,0.10509203597903252,92.13513946533203,0.26075785160064696,23000.0,4498.0,23000.0
0.0005555563167916272,0.012658309936523438,1.2119753122329713,0.06682298071682453,0.008203671360388399,0.23465047478675843,96.04345703125,0.4333129167556763,72.06180572509766,0.23020634055137634,85.23278045654297,0.13498511016368867,91.82996368408203,0.10379381328821183,92.62071990966797,0.2518821954727173,23100.0,4499.0,23100.0
0.000507330731061609,0.0177746057510376,1.2013948857784271,0.06875283978879451,0.008059048093855381,0.2338852196931839,95.85615539550781,0.42892408967018125,80.75471496582031,0.2229749321937561,89.13198852539062,0.13466882556676865,92.70878601074219,0.1041299745440483,93.0009536743164,0.2631178855895996,23200.0,4467.0,23200.0
0.00045880197674562286,0.016071105003356935,1.1827982723712922,0.06368822306394577,0.007749497285112738,0.23702211081981658,95.74938201904297,0.41892441511154177,76.46517181396484,0.22550156563520432,88.565673828125,0.12969482690095901,92.49134063720703,0.10021761953830718,92.91940307617188,0.26343982219696044,23300.0,4496.0,23300.0
0.0004099241201036687,0.01920480728149414,1.1674314141273499,0.06518974639475346,0.008093550382182003,0.22967157363891602,96.28186798095703,0.4128595679998398,68.29643249511719,0.22371505200862885,83.8389892578125,0.12958896309137344,91.0230484008789,0.09831294640898705,92.78971862792969,0.26374800205230714,23400.0,4498.0,23400.0
0.0003606352746005551,0.018503689765930177,1.1232413589954375,0.05886602513492108,0.007503247819840908,0.21805059611797334,96.18798065185547,0.4090916901826859,74.45478820800781,0.21183567196130754,85.77581024169922,0.12065515518188477,91.7542724609375,0.09723896607756614,93.36934661865234,0.2644636154174805,23500.0,4493.0,23500.0
0.0003108476091353764,0.017273449897766115,1.165015459060669,0.06389826573431492,0.007729286048561335,0.22525518983602524,95.1141586303711,0.4338545024394989,72.78546905517578,0.2147379383444786,85.62068939208984,0.1201005831360817,91.57280731201172,0.09943970292806625,92.06939697265625,0.2619633674621582,23600.0,4500.0,23600.0
0.00026042678529786706,0.018520069122314454,1.3737452030181885,0.0737416110932827,0.008746565179899335,0.24566301554441453,95.72103118896484,0.48570448756217954,77.44998931884766,0.2728256553411484,86.88723754882812,0.17100698873400688,92.70610046386719,0.11605687215924262,93.11964416503906,0.26889820098876954,23700.0,4500.0,23700.0
0.0002091415670068374,0.012952256202697753,1.2600312888622285,0.06384429447352886,0.008006291929632425,0.23358443826436998,94.54547882080078,0.4595230042934418,71.26703643798828,0.2493210956454277,83.82495880126953,0.14246048927307128,89.9645767211914,0.10329167693853378,90.5813980102539,0.25519566535949706,23800.0,4498.0,23800.0
0.00015649521802763106,0.017270851135253906,1.1454931497573853,0.06382232829928398,0.0077974596992135044,0.2301051065325737,95.6012954711914,0.4055141419172287,73.51824951171875,0.21306913644075393,87.07376098632812,0.12298670634627343,92.09906005859375,0.1021982692182064,92.14683532714844,0.2642858028411865,23900.0,4499.0,23900.0
0.0001,0.011376523971557617,1.1489536702632903,0.061314163729548454,0.007621873635798693,0.2206121191382408,95.83123016357422,0.4262226581573486,74.19117736816406,0.21513165831565856,87.95455169677734,0.12157825008034706,92.60049438476562,0.09647294655442237,93.2223129272461,0.24948689937591553,24000.0,4499.0,24000.0
