lr,data_time,loss,decode.loss_ce,decode.loss_dice,decode.loss_lovasz,decode.acc_seg,aux_0.loss_ce,aux_0.loss_dice,aux_0.loss_lovasz,aux_0.acc_seg,aux_1.loss_ce,aux_1.loss_dice,aux_1.loss_lovasz,aux_1.acc_seg,time,iter,memory,step
0.11993322820401885,0.017018580436706544,0.9753254175186157,0.19659076035022735,0.27454385757446287,0.2559006869792938,75.61135864257812,0.046297330781817435,0.04116242527961731,0.023856512270867825,68.4311752319336,0.05780442878603935,0.05478161424398422,0.024387798644602297,61.43075180053711,0.3346735954284668,100.0,5975.0,100.0
0.11986577774837498,0.017640113830566406,0.8046235024929047,0.14956980124115943,0.19934961199760437,0.23916568011045455,80.44454956054688,0.036284313537180424,0.03238557763397694,0.02317425888031721,77.23580169677734,0.05162676200270653,0.04885159619152546,0.024215898662805557,61.05265808105469,0.34032397270202636,200.0,5975.0,200.0
0.11979832307166918,0.0196685791015625,0.6749375104904175,0.11752672493457794,0.1556606709957123,0.20454036444425583,82.35486602783203,0.031186770275235177,0.026418196223676204,0.021936929039657115,76.70960235595703,0.04857956171035767,0.04509941302239895,0.02398886065930128,70.02134704589844,0.34697670936584474,300.0,5968.0,300.0
0.11973086417099389,0.019786787033081055,0.5619027018547058,0.09248269349336624,0.12850366830825805,0.15872521251440047,81.58116912841797,0.026098185405135154,0.023729591444134713,0.02133401371538639,80.06015014648438,0.04424865357577801,0.042938924953341485,0.0238417437300086,62.53628158569336,0.3410699129104614,400.0,5973.0,400.0
0.11966340104343763,0.014396023750305176,0.5305495411157608,0.08587152659893035,0.12020998820662498,0.1448706328868866,86.43964385986328,0.025206293165683746,0.021855363994836806,0.020924361422657967,83.23845672607422,0.04554192163050175,0.042348363995552064,0.023721087165176867,69.79613494873047,0.33105008602142333,500.0,5970.0,500.0
0.11959593368608527,0.01917412281036377,0.5134732544422149,0.08176920339465141,0.11370867118239403,0.14306356757879257,86.7458724975586,0.024385527707636356,0.02135410662740469,0.02092914152890444,82.44123840332031,0.04366294667124748,0.040911078080534936,0.023689009249210358,71.37364196777344,0.343641996383667,600.0,5973.0,600.0
0.11952846209601788,0.01113591194152832,0.47075416445732116,0.07418939508497716,0.09920635744929314,0.13338741958141326,85.19517517089844,0.022544161416590214,0.01933772498741746,0.020481089875102044,82.43680572509766,0.041177214682102205,0.03694205787032843,0.023488742858171464,65.4649429321289,0.3255068063735962,700.0,5969.0,700.0
0.11946098627031251,0.0183027982711792,0.5311466246843338,0.09425682760775089,0.124588892608881,0.1355137810111046,81.02379608154297,0.02479952909052372,0.021617553289979698,0.020557981543242933,76.32886505126953,0.04563191495835781,0.04054782446473837,0.02363232187926769,60.08392333984375,0.3417184352874756,800.0,5971.0,800.0
0.11939350620604249,0.012832164764404297,0.4638568311929703,0.07128266282379628,0.09796849563717842,0.12547082751989364,86.52092742919922,0.021355028636753558,0.018839966412633656,0.020321773551404475,80.95138549804688,0.04437034167349339,0.04061708766967058,0.023630641959607603,61.32345199584961,0.33074193000793456,900.0,5968.0,900.0
0.11932602190027716,0.0173750638961792,0.4460868060588837,0.06823465973138809,0.09337829127907753,0.12297989949584007,90.46551513671875,0.02109780181199312,0.01831803461536765,0.019820286147296428,86.00444793701172,0.04184164702892303,0.037019692733883856,0.023396493680775166,72.89781188964844,0.33972897529602053,1000.0,5974.0,1000.0
0.11925853335008224,0.015113019943237304,0.4393120974302292,0.06434024758636951,0.08869882598519326,0.1243364542722702,92.089111328125,0.019637222029268743,0.017732555419206618,0.01947785895317793,86.56448364257812,0.042321418225765225,0.039202632009983064,0.02356488462537527,71.93695831298828,0.3391865730285645,1100.0,5973.0,1100.0
0.11919104055251924,0.016419410705566406,0.43248293697834017,0.06561220027506351,0.09006305932998657,0.12182272598147392,88.51412200927734,0.01970327356830239,0.01779694193974137,0.018941905163228513,84.51322937011719,0.03930867575109005,0.035894755832850934,0.023339403234422205,67.43942260742188,0.3423541307449341,1200.0,5974.0,1200.0
0.1191235435046459,0.012959909439086915,0.4155813634395599,0.05937379710376263,0.08271420300006867,0.11818210557103156,89.61348724365234,0.017943416070193053,0.016420015320181846,0.01818753723055124,82.73497009277344,0.04160243608057499,0.037768165953457354,0.023389695771038534,67.8211669921875,0.33074886798858644,1300.0,5973.0,1300.0
0.1190560422035162,0.011929869651794434,0.4233358383178711,0.06263802573084831,0.08948403224349022,0.11068725883960724,87.66620635986328,0.018693170882761477,0.01736084362491965,0.01770058386027813,80.8307876586914,0.04399288035929203,0.039406973868608475,0.02337207570672035,58.364627838134766,0.32836041450500486,1400.0,5973.0,1400.0
0.11898853664618003,0.01980752944946289,0.41320502758026123,0.06213527135550976,0.08254450783133507,0.11742679551243781,91.89765167236328,0.01826130347326398,0.016685540787875652,0.017611047066748143,87.13544464111328,0.039202388003468515,0.03601676318794489,0.023321420326828955,68.93484497070312,0.3468296051025391,1500.0,5970.0,1500.0
0.11892102682968353,0.013763666152954102,0.42383516728878023,0.06554616056382656,0.09033820554614067,0.11308674067258835,90.3314208984375,0.01866091825067997,0.017215769924223422,0.017018210701644422,86.8805923461914,0.04140608347952366,0.037354000844061375,0.02320909146219492,71.2984848022461,0.3297834873199463,1600.0,5973.0,1600.0
0.11885351275106885,0.017971038818359375,0.38541037738323214,0.052998699620366095,0.07507656291127204,0.10947750732302666,90.90179443359375,0.01575691709294915,0.014805530291050672,0.016561787389218808,85.45089721679688,0.03996017798781395,0.03752049021422863,0.023252698220312597,70.83547973632812,0.3407353639602661,1700.0,5974.0,1700.0
0.11878599440737414,0.01826586723327637,0.39504684805870055,0.05756950005888939,0.07908925414085388,0.11266443729400635,90.86674499511719,0.017135711666196585,0.01606872510164976,0.016642990149557592,85.93479919433594,0.03811910189688206,0.03468074593693018,0.02307638470083475,79.10202026367188,0.34434549808502196,1800.0,5975.0,1800.0
0.11871847179563381,0.019540977478027344,0.3939819186925888,0.059657108038663864,0.07770477756857871,0.10904084295034408,90.96382904052734,0.0175138833001256,0.01577977780252695,0.01638663774356246,86.86505126953125,0.03914917185902596,0.03568868860602379,0.023061026260256766,67.72465515136719,0.3433767080307007,1900.0,5973.0,1900.0
0.11865094491287813,0.018563556671142577,0.3568776071071625,0.047397124394774434,0.06650292426347733,0.10798106491565704,93.96117401123047,0.014278343971818685,0.013401016872376204,0.015662063844501972,89.76740264892578,0.036155912838876245,0.03257765118032694,0.022921510972082615,81.7774658203125,0.34802520275115967,2000.0,5971.0,2000.0
0.11858341375613357,0.016643333435058593,0.3684805750846863,0.04931844584643841,0.07076543942093849,0.10370016247034072,93.2796401977539,0.015495900809764863,0.014585061650723218,0.015515940450131892,86.55084991455078,0.04021420460194349,0.03593947496265173,0.022945936769247055,67.66475677490234,0.3414468765258789,2100.0,5974.0,2100.0
0.11851587832242255,0.01518232822418213,0.38384348154067993,0.056213348358869555,0.07625604644417763,0.10572395995259284,89.42029571533203,0.016399050783365964,0.015302893240004778,0.015334428381174802,84.21742248535156,0.03928409311920404,0.03658422864973545,0.022745432145893574,65.57732391357422,0.33456346988677976,2200.0,5971.0,2200.0
0.11844833860876365,0.019876790046691895,0.34843890070915223,0.04696440808475018,0.06771372035145759,0.0988958589732647,89.51439666748047,0.013902492076158523,0.013473066594451666,0.014420041255652905,85.71039581298828,0.03707331959158182,0.03359175007790327,0.022404243424534797,68.79785919189453,0.34290618896484376,2300.0,5974.0,2300.0
0.1183807946121713,0.016163396835327148,0.3281493246555328,0.04113706462085247,0.058177188783884046,0.09489020779728889,93.26608276367188,0.013064447604119778,0.01254903981462121,0.014279909897595644,89.55207061767578,0.03731892146170139,0.034268657118082045,0.022463883459568023,74.08555603027344,0.33523585796356203,2400.0,5972.0,2400.0
0.11831324632965613,0.019063901901245118,0.3579397052526474,0.04997641071677208,0.06915868148207664,0.1021217867732048,93.6881332397461,0.01483056265860796,0.013954689633101225,0.014817157108336688,89.10089874267578,0.03677269946783781,0.03393734749406576,0.0223703783005476,73.03523254394531,0.3414208650588989,2500.0,5974.0,2500.0
0.11824569375822463,0.018984341621398927,0.3414616763591766,0.045603963918983935,0.06401365548372269,0.10128003358840942,92.90557098388672,0.01328345136716962,0.012563015427440405,0.014173023030161857,88.67110443115234,0.0355001550167799,0.032850919663906096,0.02219345234334469,71.31716918945312,0.3413708686828613,2600.0,5975.0,2600.0
0.11817813689487949,0.019263648986816408,0.3461790531873703,0.04785949252545833,0.06770771071314811,0.09779707863926887,90.84210205078125,0.014374369848519563,0.013709173165261745,0.014271079283207654,86.38742065429688,0.0356345945969224,0.032700903713703156,0.022124639712274075,71.64459228515625,0.34045302867889404,2700.0,5973.0,2700.0
0.11811057573661922,0.01629769802093506,0.3540339857339859,0.04949982166290283,0.07013344541192054,0.09827947244048119,90.98004913330078,0.014757891278713941,0.013995232619345188,0.014439312182366848,87.4056396484375,0.03706220127642155,0.033707373216748236,0.022159229032695293,69.08567810058594,0.3394615888595581,2800.0,5975.0,2800.0
0.1180430102804382,0.017304325103759767,0.34540082812309264,0.046088293008506295,0.06285578310489655,0.1038344644010067,95.20829010009766,0.013864995073527097,0.013123681582510472,0.014596308209002018,91.05457305908203,0.03594921175390482,0.03289909288287163,0.02218899168074131,81.4399642944336,0.3433783292770386,2900.0,5973.0,2900.0
0.11797544052332717,0.015136075019836426,0.3423153549432755,0.04833090472966432,0.06379577592015266,0.09411315619945526,91.23721313476562,0.014012772496789694,0.013132860604673623,0.013785658217966557,84.4931869506836,0.037938337028026584,0.03514489885419607,0.022060986235737802,66.1129379272461,0.33643231391906736,3000.0,5973.0,3000.0
0.11790786646227253,0.016441774368286134,0.3283136636018753,0.04385322332382202,0.06272616013884544,0.09316982626914978,89.28851318359375,0.013190641161054372,0.013010973483324051,0.013665574602782726,83.55154418945312,0.03508798833936453,0.03185188192874193,0.02175739370286465,62.28242492675781,0.3377631187438965,3100.0,5973.0,3100.0
0.11784028809425687,0.015144443511962891,0.34701972305774687,0.046116602048277854,0.06532393395900726,0.10136967822909355,92.15908813476562,0.013257798366248607,0.012826121598482131,0.01425453256815672,88.70386505126953,0.037561988644301894,0.03408325519412756,0.022225808165967465,72.4046630859375,0.33819172382354734,3200.0,5973.0,3200.0
0.11777270541625855,0.017527389526367187,0.32071840167045595,0.041013707593083384,0.05890269950032234,0.09345136731863021,93.99006652832031,0.012424516398459673,0.012280743103474379,0.01382517470046878,90.16464233398438,0.03487402070313692,0.032241236232221124,0.021704939007759095,74.67900085449219,0.33712852001190186,3300.0,5973.0,3300.0
0.11770511842525189,0.011944341659545898,0.3374054729938507,0.04472744278609753,0.06227622777223587,0.09600363299250603,91.6653060913086,0.012993293069303035,0.01243799477815628,0.013419809564948083,87.63987731933594,0.03840387426316738,0.035207629576325415,0.0219355758279562,73.32942962646484,0.32983424663543703,3400.0,5973.0,3400.0
0.11763752711820741,0.011630630493164063,0.3150713503360748,0.04052979983389378,0.05723056495189667,0.08938323259353638,89.63701629638672,0.012568403035402298,0.012160429451614618,0.013388340547680854,85.03462219238281,0.03577944952994585,0.032282905839383605,0.0217482240870595,68.955810546875,0.3281781435012817,3500.0,5972.0,3500.0
0.11756993149209123,0.01975111961364746,0.320402118563652,0.040793285332620145,0.058077473938465116,0.09707574695348739,94.56120300292969,0.012018876988440752,0.011839100439101458,0.013309972267597914,91.04188537597656,0.0345067935064435,0.0313995748758316,0.021381292678415775,83.51757049560547,0.34317593574523925,3600.0,5973.0,3600.0
0.11750233154386557,0.01271660327911377,0.310376963019371,0.03955572750419378,0.05528721287846565,0.09209940060973168,93.98713684082031,0.011632573604583741,0.011309499107301235,0.013242250308394432,89.3479995727539,0.034400440938770774,0.03129890374839306,0.021550953015685083,74.36734771728516,0.3303832054138184,3700.0,5970.0,3700.0
0.11743472727048852,0.020448708534240724,0.33450625240802767,0.04477004632353783,0.06119803562760353,0.0913819931447506,93.77510070800781,0.012603632640093565,0.011998162046074868,0.013306863978505135,90.44607543945312,0.04055941253900528,0.03675340060144663,0.021934708394110203,68.16092681884766,0.34727861881256106,3800.0,5972.0,3800.0
0.11736711866891422,0.015134072303771973,0.30254978835582735,0.03601683750748634,0.05228817015886307,0.09339434653520584,93.82803344726562,0.011311455257236957,0.011136165168136359,0.013303246349096298,89.88055419921875,0.03315381184220314,0.03065666388720274,0.021289088763296604,79.40331268310547,0.3322412967681885,3900.0,5975.0,3900.0
0.11729950573609252,0.014195513725280762,0.3177646160125732,0.040260940603911874,0.05704776793718338,0.09375309348106384,92.99127960205078,0.011648031417280436,0.01140475906431675,0.013268419820815325,89.30863952636719,0.035985976830124854,0.03309214171022177,0.021303484216332436,71.24360656738281,0.3308190584182739,4000.0,5969.0,4000.0
0.11723188846896922,0.014637422561645509,0.3072937220335007,0.03921812679618597,0.05512024760246277,0.08773645609617234,94.77706146240234,0.01151792537420988,0.011210391856729984,0.01284848814830184,91.35293579101562,0.03514906782656908,0.033223091438412664,0.021269925497472288,74.11317443847656,0.33070387840271,4100.0,5973.0,4100.0
0.11716426686448604,0.014063239097595215,0.2903723418712616,0.03557691648602486,0.05100285857915878,0.0846258744597435,92.31859588623047,0.010825723130255937,0.010527894739061594,0.012736733816564084,89.48810577392578,0.03321429844945669,0.0309700109064579,0.02089203130453825,70.04387664794922,0.33122801780700684,4200.0,5975.0,4200.0
0.11709664091958041,0.015862107276916504,0.306418439745903,0.038902691751718524,0.053509147465229036,0.0934725597500801,94.13336944580078,0.011896043922752142,0.011241140868514776,0.013381591439247132,90.71855926513672,0.03270931541919708,0.030135166272521018,0.0211707878857851,80.38317108154297,0.339091420173645,4300.0,5972.0,4300.0
0.11702901063118594,0.013927221298217773,0.307753586769104,0.037992384657263754,0.054298385977745056,0.09459788203239441,93.63957214355469,0.011214288324117661,0.010931037738919258,0.013447837252169848,90.35895538330078,0.03401596266776323,0.030411974526941776,0.02084383312612772,72.23811340332031,0.33580636978149414,4400.0,5973.0,4400.0
0.11696137599623198,0.016596770286560057,0.3227543234825134,0.04148200787603855,0.06024488881230354,0.09168664366006851,92.09019470214844,0.012347195483744144,0.012119512632489204,0.013020114973187447,87.81327819824219,0.037008030153810975,0.03397680688649416,0.020869121327996253,72.08846282958984,0.33772342205047606,4500.0,5973.0,4500.0
0.11689373701164373,0.016735649108886717,0.3248448893427849,0.04509102255105972,0.06167331859469414,0.09144099652767182,93.12724304199219,0.012390860263258219,0.011959892977029086,0.012978122476488352,88.95988464355469,0.036097783222794534,0.03265197165310383,0.020560913346707822,61.98008346557617,0.3371938467025757,4600.0,5972.0,4600.0
0.11682609367434199,0.012932038307189942,0.2974159777164459,0.037099215015769,0.052941746264696124,0.08523927107453347,92.57474517822266,0.011013634223490953,0.010981010925024747,0.01233284892514348,88.84024810791016,0.03551769219338894,0.03198905773460865,0.020301489531993865,70.08348846435547,0.33279125690460204,4700.0,5970.0,4700.0
0.11675844598124374,0.01810891628265381,0.30427313446998594,0.03714696355164051,0.052905306220054626,0.09155395403504371,92.89012145996094,0.011301519721746445,0.011053789779543877,0.01306603169068694,88.60074615478516,0.03515994735062122,0.03141089659184217,0.02067473027855158,68.50920867919922,0.3451973915100098,4800.0,5975.0,4800.0
0.11669079392926171,0.013172578811645509,0.30234684646129606,0.03858855925500393,0.05430352538824081,0.0895294189453125,92.03253936767578,0.011430868133902549,0.011074082367122174,0.012903476506471634,88.14305114746094,0.033722201734781264,0.030261650495231152,0.02053307108581066,71.4355239868164,0.33573968410491944,4900.0,5973.0,4900.0
0.11662313751530433,0.014119410514831543,0.31234260499477384,0.03934160694479942,0.05660033822059631,0.09156393706798553,94.42756652832031,0.01184178851544857,0.01156209958717227,0.013008024264127015,90.36579132080078,0.035473312437534335,0.03252578377723694,0.02042571771889925,68.76387023925781,0.3346884250640869,5000.0,5975.0,5000.0
0.1165554767362759,0.014881348609924317,0.28796013742685317,0.03385709132999182,0.04981618598103523,0.08920722901821136,94.25688934326172,0.010171712934970855,0.010186501033604144,0.012570496276021003,91.31623077392578,0.0318086389452219,0.030160336382687093,0.020181943848729133,75.39846801757812,0.33440587520599363,5100.0,5971.0,5100.0
0.11648781158907644,0.018588781356811523,0.29985969662666323,0.03478610068559647,0.049446365982294085,0.09552038311958314,93.45884704589844,0.010640991665422917,0.010478740092366934,0.013121878448873758,90.3091049194336,0.03420318216085434,0.03130703493952751,0.020355010591447353,76.54573059082031,0.3452832460403442,5200.0,5970.0,5200.0
0.11642014207060203,0.018045544624328613,0.29982095062732694,0.03755689412355423,0.05243370831012726,0.09111977964639664,94.00525665283203,0.011445652227848768,0.010928155109286308,0.013104358874261379,90.22725677490234,0.033012318424880505,0.030155577510595322,0.02006451226770878,71.16554260253906,0.34550745487213136,5300.0,5975.0,5300.0
0.11635246817774426,0.017840981483459473,0.2889812797307968,0.035265888832509515,0.050136147439479826,0.0868097223341465,93.56180572509766,0.010500168800354004,0.010240942239761353,0.012463307566940784,90.47022247314453,0.033201482892036435,0.03057727124541998,0.019786344096064567,75.82066345214844,0.34083750247955324,5400.0,5975.0,5400.0
0.11628478990739056,0.012221479415893554,0.2966747537255287,0.03508845940232277,0.04986783117055893,0.09405078515410423,95.27092742919922,0.010848637204617262,0.010602999664843082,0.01302760150283575,91.83702850341797,0.032337410002946855,0.030332964845001698,0.0205180736258626,76.57210540771484,0.3307748556137085,5500.0,5975.0,5500.0
0.11621710725642422,0.018103265762329103,0.2906115084886551,0.03483948763459921,0.04996650367975235,0.0886807806789875,93.91602325439453,0.010388960689306259,0.010200606007128955,0.012540788296610117,90.93124389648438,0.033199689351022243,0.03098735064268112,0.019807347655296327,75.80615234375,0.3407625913619995,5600.0,5972.0,5600.0
0.1161494202217242,0.014138221740722656,0.2890503823757172,0.03452553395181894,0.04955298528075218,0.0863499715924263,93.09917449951172,0.010132239758968353,0.010101983044296502,0.012414383608847857,90.24535369873047,0.034205598197877406,0.03178180046379566,0.019985888339579105,75.71812438964844,0.33345279693603513,5700.0,5975.0,5700.0
0.11608172880016522,0.014711737632751465,0.28747924566268923,0.03583866506814957,0.04925864040851593,0.08509322628378868,93.5125961303711,0.01100193290039897,0.010500937420874833,0.012406594678759575,89.47882080078125,0.03324195202440024,0.030242612399160863,0.01989467889070511,74.50011444091797,0.3383392333984375,5800.0,5975.0,5800.0
0.11601403298861782,0.02111783027648926,0.31489005088806155,0.04124683663249016,0.056098708510398866,0.09366434365510941,92.29188537597656,0.01223006909713149,0.011547244433313609,0.013157213293015956,87.37162017822266,0.03502350058406591,0.03199801109731197,0.019924124889075755,62.37226867675781,0.3485243558883667,5900.0,5975.0,5900.0
0.11594633278394831,0.018402791023254393,0.28876152336597444,0.03664830382913351,0.05041271597146988,0.08335640951991082,93.86177062988281,0.010458830650895834,0.010353258904069662,0.01204506792128086,91.35812377929688,0.03412262387573719,0.03160514272749424,0.01975916773080826,76.22733306884766,0.3397395133972168,6000.0,5971.0,6000.0
0.11587862818301849,0.01824054718017578,0.27912618964910507,0.03381117302924395,0.048907078057527545,0.08359359204769135,94.30457305908203,0.010190031863749028,0.010084995906800032,0.012269021850079298,91.08148956298828,0.03180952984839678,0.029240026883780957,0.01922073196619749,77.20832061767578,0.3395309209823608,6100.0,5969.0,6100.0
0.11581091918268616,0.019567346572875975,0.2686607763171196,0.031626378558576106,0.04392297938466072,0.08205472901463509,93.91227722167969,0.00981524963863194,0.00958405719138682,0.012103443592786789,89.9773941040039,0.031449942663311956,0.02848993372172117,0.01961406283080578,70.67325592041016,0.3472259759902954,6200.0,5972.0,6200.0
0.11574320577980457,0.019739747047424316,0.2744881331920624,0.03236673679202795,0.045313545316457746,0.0839655190706253,94.70918273925781,0.010160861071199179,0.009844497311860323,0.012603278830647468,89.7842788696289,0.03153254222124815,0.02917186338454485,0.019529293477535247,74.09967041015625,0.34749009609222414,6300.0,5973.0,6300.0
0.11567548797122294,0.01633307933807373,0.288059264421463,0.035828766599297526,0.05059097930788994,0.08493440747261047,90.92229461669922,0.010394396353513002,0.01013555945828557,0.01207989538088441,88.18472290039062,0.03382971119135618,0.03082944396883249,0.019436104595661162,65.71537017822266,0.3358854532241821,6400.0,5975.0,6400.0
0.11560776575378591,0.018810248374938963,0.30042151510715487,0.036945093795657157,0.05261838808655739,0.08792208880186081,93.15640258789062,0.010546925850212574,0.010359206330031156,0.012547527439892292,90.3746566772461,0.03628487139940262,0.03364282473921776,0.019554579630494118,66.54999542236328,0.348053503036499,6500.0,5973.0,6500.0
0.11554003912433398,0.017980265617370605,0.2846501559019089,0.03373079858720303,0.048424219340085985,0.08472561538219452,94.27528381347656,0.010247426200658083,0.010236497968435287,0.012289626337587834,88.59406280517578,0.03370182681828737,0.03149083573371172,0.019803309999406337,71.63788604736328,0.3446777582168579,6600.0,5975.0,6600.0
0.11547230807970328,0.014116263389587403,0.28737377375364304,0.03486540149897337,0.050139499455690385,0.08229064643383026,94.44923400878906,0.010336135886609555,0.010185024794191122,0.012160273268818855,90.86861419677734,0.03527525793761015,0.03242322448641062,0.01969830933958292,77.68114471435547,0.33475892543792723,6700.0,5971.0,6700.0
0.11540457261672565,0.013250589370727539,0.27071326971054077,0.03217481561005116,0.04593452215194702,0.08198252171278,93.1677474975586,0.009913666639477015,0.009950879542157055,0.012036958616226912,90.62515258789062,0.030542044155299663,0.029085264168679716,0.019092602655291557,75.98979949951172,0.32795443534851076,6800.0,5975.0,6800.0
0.11533683273222861,0.02173919677734375,0.2542170435190201,0.02971686441451311,0.04316781535744667,0.0768673650920391,94.52259063720703,0.009488138370215893,0.009508724976330995,0.01175004979595542,91.0442886352539,0.02824933212250471,0.026543327234685422,0.018925424106419085,79.00506591796875,0.34217257499694825,6900.0,5975.0,6900.0
0.11526908842303504,0.018675947189331056,0.295525449514389,0.03631559405475855,0.050932347774505615,0.08966633528470994,93.979736328125,0.01025369456037879,0.010089562460780143,0.012331106420606374,90.87920379638672,0.03418790008872748,0.031690655089914796,0.020058259554207324,77.54945373535156,0.35043795108795167,7000.0,5975.0,7000.0
0.11520133968596395,0.014219832420349122,0.27590532451868055,0.03098073974251747,0.043496476113796236,0.08484513014554977,95.30067443847656,0.00968166459351778,0.009511003363877535,0.012382793799042701,91.97522735595703,0.03390744663774967,0.031397119536995886,0.019702953286468983,77.37527465820312,0.3351238250732422,7100.0,5974.0,7100.0
0.11513358651782957,0.019171690940856932,0.2662778362631798,0.03126811906695366,0.044230344146490096,0.07979360967874527,93.82540130615234,0.009748038463294506,0.009530687425285577,0.011993520893156528,90.11616516113281,0.03186808954924345,0.028685305453836917,0.019160119630396367,68.96473693847656,0.3442241191864014,7200.0,5969.0,7200.0
0.11506582891544184,0.019741296768188477,0.25994662046432493,0.030784925632178783,0.043985727429389956,0.07888665720820427,94.25033569335938,0.009491868503391742,0.009392992034554482,0.011747983563691378,90.80354309082031,0.02948781233280897,0.027068199403584004,0.019100446067750455,76.41213989257812,0.34411733150482177,7300.0,5974.0,7300.0
0.1149980668756064,0.015540075302124024,0.2782099947333336,0.03589808475226164,0.049905010312795636,0.08135658241808415,91.88468933105469,0.010077771870419383,0.009955666679888963,0.011611931212246417,88.86913299560547,0.03120795004069805,0.02923371810466051,0.018963271379470827,69.99817657470703,0.33254907131195066,7400.0,5971.0,7400.0
0.11493030039512452,0.014557838439941406,0.28056797087192537,0.03435971029102802,0.04750723838806152,0.08505770713090896,94.46809387207031,0.010159661434590817,0.009872017055749893,0.01218428835272789,90.97540283203125,0.03212553653866053,0.0299979904666543,0.01930381767451763,73.76573944091797,0.33694407939910886,7500.0,5972.0,7500.0
0.11486252947079295,0.014083766937255859,0.2787211760878563,0.033259386010468,0.04777149185538292,0.08514678776264191,93.74571990966797,0.009790065279230476,0.009674718603491783,0.012168149370700121,90.26356506347656,0.03188291508704424,0.02970856484025717,0.01931909192353487,73.94198608398438,0.33253161907196044,7600.0,5974.0,7600.0
0.11479475409940405,0.014223170280456544,0.27911621928215025,0.032870543748140336,0.04752939343452454,0.08117472007870674,94.42615509033203,0.009735022392123937,0.009818422701209783,0.011696578282862902,90.70035552978516,0.03440438378602266,0.03261796403676272,0.01926919911056757,76.86163330078125,0.3319753885269165,7700.0,5975.0,7700.0
0.11472697427774581,0.01563284397125244,0.26211761087179186,0.02938692755997181,0.04222044870257378,0.07956526353955269,95.15782928466797,0.009323588572442532,0.009205984324216843,0.01205575866624713,91.2392807006836,0.03226766679435968,0.029010353051126002,0.019081629812717438,74.37757110595703,0.3399586915969849,7800.0,5971.0,7800.0
0.11465919000260186,0.01169431209564209,0.29634099304676054,0.03947236053645611,0.05453537404537201,0.08292652815580367,94.64176177978516,0.010968469083309174,0.010648437961935996,0.012070803437381983,91.28621673583984,0.03513335324823856,0.031278083100914955,0.019307586923241617,74.92364501953125,0.327548885345459,7900.0,5973.0,7900.0
0.11459140127075115,0.014800930023193359,0.2941135138273239,0.035043678060173986,0.049532006680965426,0.08787620663642884,94.07085418701172,0.010644710715860128,0.01035986803472042,0.012670299783349038,90.61565399169922,0.03545050993561745,0.03303701337426901,0.019499213062226774,79.5025405883789,0.33736133575439453,8000.0,5975.0,8000.0
0.11452360807896851,0.014438104629516602,0.2783745899796486,0.035063134878873824,0.04770335704088211,0.08391415551304818,93.63760375976562,0.01014698138460517,0.009740004315972328,0.012155711092054844,90.10123443603516,0.03125930167734623,0.02946270164102316,0.018929248116910456,71.42725372314453,0.331916356086731,8100.0,5974.0,8100.0
0.11445581042402393,0.02082228660583496,0.27000143080949784,0.031288643181324,0.04497814550995827,0.0798272006213665,95.50932312011719,0.009939289698377252,0.009742519399151207,0.011861720401793719,92.87055206298828,0.03334450107067823,0.02989222705364227,0.01912719514220953,79.22340393066406,0.34863717555999757,8200.0,5974.0,8200.0
0.11438800830268336,0.019319438934326173,0.31037449836730957,0.0446927648037672,0.05948478430509567,0.08592441529035569,92.30573272705078,0.01197511749342084,0.011413749307394028,0.01204846678301692,88.62541961669922,0.03424534816294909,0.031353730522096154,0.019236116856336593,80.64856719970703,0.3452665567398071,8300.0,5968.0,8300.0
0.11432020171170783,0.016871953010559083,0.2916466027498245,0.03539748787879944,0.04925858452916145,0.08643383979797363,94.25508117675781,0.010244013369083404,0.010052505228668452,0.012290344666689634,91.02225494384766,0.03600747734308243,0.03263868596404791,0.01932366993278265,76.86843872070312,0.34511117935180663,8400.0,5974.0,8400.0
0.11425239064785406,0.01606783866882324,0.2823828473687172,0.03328839149326086,0.048585183918476105,0.08144929558038712,93.40054321289062,0.009996387548744679,0.00994024807587266,0.011894151661545038,90.33924102783203,0.035252307541668415,0.0330684969201684,0.01890837959945202,70.6612319946289,0.3349553823471069,8500.0,5971.0,8500.0
0.11418457510787444,0.01324760913848877,0.27416155487298965,0.033225571177899836,0.046409642696380614,0.0809183031320572,94.39724731445312,0.010073317401111125,0.009843182750046253,0.011792422831058502,90.10896301269531,0.03235670868307352,0.030600282736122607,0.01894212421029806,78.97396087646484,0.33246641159057616,8600.0,5975.0,8600.0
0.11411675508851668,0.011890649795532227,0.2668228641152382,0.031292947567999364,0.04432436153292656,0.07997866272926331,93.35513305664062,0.009521470870822668,0.009390356950461864,0.011934422329068184,90.21248626708984,0.032153303548693654,0.02918784748762846,0.019039486721158027,73.80410766601562,0.3290883779525757,8700.0,5975.0,8700.0
0.11404893058652407,0.015561747550964355,0.2601703107357025,0.028841615468263627,0.04190029576420784,0.07780542187392711,94.8463363647461,0.008759409468621016,0.00885960878804326,0.011666753981262445,91.48430633544922,0.03285324666649103,0.030682468973100185,0.018801491148769854,77.59339904785156,0.3324413537979126,8800.0,5974.0,8800.0
0.11398110159863531,0.013305997848510743,0.28448937833309174,0.03434471674263477,0.048676520586013794,0.08319091200828552,94.8929672241211,0.010037826094776391,0.00994887799024582,0.012011369969695807,91.17655181884766,0.035165697894990446,0.03234234619885683,0.01877111978828907,70.09651947021484,0.33132104873657225,8900.0,5975.0,8900.0
0.11391326812158467,0.01720261573791504,0.26681606769561766,0.032670151256024835,0.04649125039577484,0.07886695712804795,94.49219512939453,0.009762732731178402,0.009386883582919836,0.011531904526054858,91.27120971679688,0.030462783947587013,0.029225693084299564,0.018417706526815892,75.13499450683594,0.3386837482452393,9000.0,5970.0,9000.0
0.11384543015210163,0.013482785224914551,0.2568784400820732,0.02866558376699686,0.04113367795944214,0.08023320361971856,95.67296600341797,0.008905014907941221,0.00876839030534029,0.011752618569880724,92.7605972290039,0.030407271906733514,0.028660945035517214,0.01835173964500427,82.99451446533203,0.33066771030426023,9100.0,5975.0,9100.0
0.11377758768691132,0.013430428504943848,0.26571495831012726,0.03133391160517931,0.04489221051335335,0.07999351173639298,94.42363739013672,0.009527773223817348,0.009389750566333533,0.011576987244188786,91.15316009521484,0.03163622226566076,0.02854286748915911,0.018821724504232407,72.25121307373047,0.33238582611083983,9200.0,5973.0,9200.0
0.11370974072273435,0.014550161361694337,0.27945940345525744,0.03365710563957691,0.04753720536828041,0.08444697633385659,92.56267547607422,0.010251914337277412,0.009896923787891865,0.012260026391595602,89.71086883544922,0.032890322245657445,0.029862232878804205,0.018656702525913716,73.47064971923828,0.33400108814239504,9300.0,5972.0,9300.0
0.11364188925628647,0.019701004028320312,0.2699833407998085,0.03049641288816929,0.04503636360168457,0.08229810222983361,94.09520721435547,0.009577125683426857,0.009564682375639677,0.011917696055024862,90.2696304321289,0.03233096823096275,0.0299212409183383,0.018840749002993106,76.62521362304688,0.34521615505218506,9400.0,5973.0,9400.0
0.11357403328427929,0.01960484981536865,0.27164749801158905,0.03238135408610106,0.04638917148113251,0.07710714414715766,94.90192413330078,0.009545698994770646,0.009477047435939311,0.011505189072340726,92.56763458251953,0.0340850617736578,0.032241982966661455,0.01891484800726175,73.49568939208984,0.3469719648361206,9500.0,5973.0,9500.0
0.11350617280341946,0.015101289749145508,0.2765650004148483,0.032255258224904534,0.04544619172811508,0.08168959766626357,94.09232330322266,0.009457456972450018,0.009408977814018726,0.011693859659135341,90.82786560058594,0.0353075647726655,0.032184837758541106,0.019121256098151206,66.4882583618164,0.33758342266082764,9600.0,5973.0,9600.0
0.11343830781040926,0.017116546630859375,0.2638464495539665,0.031192336231470108,0.04438830688595772,0.07548617720603942,95.41891479492188,0.009272091276943683,0.009129038639366626,0.01138755977153778,92.75080108642578,0.03307369910180569,0.03095472101122141,0.01896251942962408,78.66101837158203,0.3373252391815186,9700.0,5973.0,9700.0
0.1133704383019462,0.01876676082611084,0.2508159726858139,0.02724037729203701,0.04023105651140213,0.07832341790199279,94.55887603759766,0.008559843571856619,0.0085902935359627,0.01128467945381999,91.02046966552734,0.029862743243575095,0.028344373032450677,0.018379190005362034,78.33031463623047,0.3450534582138062,9800.0,5975.0,9800.0
0.11330256427472327,0.01532883644104004,0.27058793008327486,0.0332153556868434,0.04542026072740555,0.07958053983747959,94.8563461303711,0.0100083758123219,0.009370890446007252,0.011720003560185432,91.56497955322266,0.03245480637997389,0.030511786229908466,0.0183059087023139,73.71841430664062,0.32941336631774903,9900.0,5972.0,9900.0
0.11323468572542886,0.015217804908752441,0.26169514656066895,0.030695355869829653,0.044228673726320264,0.08226002007722855,93.50104522705078,0.009196420991793275,0.009015265479683876,0.01163789676502347,89.92019653320312,0.029381022043526172,0.02689704094082117,0.01838345527648926,72.66864776611328,0.33511230945587156,10000.0,5973.0,10000.0
0.11316680265074656,0.016444015502929687,0.2708542361855507,0.033058734610676765,0.04578302428126335,0.0789711520075798,93.93571472167969,0.009797697188332677,0.009308725083246826,0.011744157411158085,91.03244018554688,0.033200735598802565,0.03031902704387903,0.01867098845541477,71.80319213867188,0.3404073715209961,10100.0,5971.0,10100.0
0.11309891504735549,0.011734867095947265,0.2611813426017761,0.03151992037892341,0.04495363757014274,0.07615721598267555,93.76783752441406,0.009584565367549657,0.009338857140392065,0.011495916452258826,90.17062377929688,0.031025211326777935,0.028661569580435753,0.01844444926828146,77.95342254638672,0.32739911079406736,10200.0,5975.0,10200.0
0.11303102291193011,0.01902313232421875,0.2728432148694992,0.032740240544080736,0.04650189951062202,0.08254655003547669,94.00963592529297,0.009298424143344164,0.009356011170893908,0.011839083582162856,90.78616333007812,0.03203359432518482,0.02991668675094843,0.018610726669430734,78.7857666015625,0.34373884201049804,10300.0,5972.0,10300.0
0.11296312624114015,0.019234204292297365,0.3057781994342804,0.039904321730136874,0.05630082711577415,0.08942398801445961,90.95659637451172,0.011394802946597338,0.011098398733884096,0.012506291083991528,87.1915054321289,0.03487739078700543,0.03127263803035021,0.018999535590410233,68.01508331298828,0.34859185218811034,10400.0,5974.0,10400.0
0.11289522503165067,0.0184190034866333,0.2742356568574905,0.032094686292111874,0.04594378098845482,0.07980622798204422,92.03369140625,0.009730129782110453,0.009657435584813356,0.011442667245864869,88.44751739501953,0.03480104617774486,0.0318333625793457,0.0189263217151165,69.03111267089844,0.34605872631073,10500.0,5879.0,10500.0
0.11282731928012199,0.014817547798156739,0.2719177484512329,0.03147107549011707,0.04467852264642715,0.0831167533993721,94.07244873046875,0.009587829280644656,0.00947247827425599,0.011935287155210972,90.86294555664062,0.03266636338084936,0.030169646069407464,0.018819792568683623,78.90666198730469,0.3409478187561035,10600.0,5970.0,10600.0
0.11275940898320966,0.01941819190979004,0.26058617383241656,0.029615975730121136,0.042978954315185544,0.07508272007107734,93.75816345214844,0.009004050213843585,0.009084307402372361,0.011146497167646884,90.96294403076172,0.033619022183120253,0.031610429473221305,0.018444219790399074,72.03743743896484,0.34418299198150637,10700.0,5975.0,10700.0
0.1126914941375649,0.01878695487976074,0.2682560920715332,0.03237257264554501,0.04562862366437912,0.08289283886551857,95.03116607666016,0.009368035895749926,0.009311114717274905,0.011779458727687597,92.58599090576172,0.030227666720747948,0.028194444626569747,0.018481332063674926,78.46484375,0.3399939775466919,10800.0,5972.0,10800.0
0.11262357473983388,0.012546324729919433,0.25312905162572863,0.029016411677002907,0.04249303117394447,0.0737810730934143,95.08924865722656,0.00882447329349816,0.00871621174737811,0.011193616967648267,92.38915252685547,0.03170168474316597,0.029230760969221593,0.018171794898808002,72.22552490234375,0.32522628307342527,10900.0,5972.0,10900.0
0.1125556507866582,0.016210198402404785,0.24609639644622802,0.028421776741743086,0.04085645228624344,0.0725525125861168,92.98094177246094,0.008748793369159102,0.008599956333637238,0.01092891814187169,89.27227783203125,0.03017349634319544,0.02753435429185629,0.018280144594609738,68.2562484741211,0.33755805492401125,11000.0,5975.0,11000.0
0.11248772227467467,0.021078872680664062,0.2622002050280571,0.030974968522787093,0.04404048398137093,0.07616757526993752,95.15633392333984,0.009258083626627922,0.009264247445389628,0.011261988896876574,92.5261001586914,0.03284011259675026,0.0296183280646801,0.018774407729506493,74.2391128540039,0.3481431484222412,11100.0,5879.0,11100.0
0.11241978920051508,0.015833497047424316,0.2546232581138611,0.02986208349466324,0.04286591112613678,0.07593217380344867,92.89205932617188,0.009106821985915304,0.009000161662697792,0.011501386482268571,90.53985595703125,0.029965884611010553,0.028319439850747585,0.01806938908994198,71.63756561279297,0.34130425453186036,11200.0,5975.0,11200.0
0.11235185156080707,0.014519190788269043,0.2569291591644287,0.03044426403939724,0.04333469048142433,0.07558894455432892,95.45599365234375,0.009148513339459896,0.009195321332663297,0.011246354971081018,92.09243774414062,0.030797793716192245,0.029107340425252915,0.01806592885404825,71.30767059326172,0.3325232744216919,11300.0,5971.0,11300.0
0.11228390935217301,0.01736319065093994,0.24929689168930053,0.02740564104169607,0.040226956456899644,0.07686853893101216,94.75369262695312,0.008314845385029912,0.008386813290417194,0.011325509008020162,91.26277160644531,0.03047693446278572,0.02809100244194269,0.01820064727216959,67.3541488647461,0.33974342346191405,11400.0,5967.0,11400.0
0.11221596257123066,0.013843965530395509,0.2666084975004196,0.02992390636354685,0.04267123267054558,0.07792503237724305,94.59176635742188,0.009125070925801993,0.008939914498478174,0.011661729402840137,91.06488037109375,0.03561531752347946,0.032029987312853336,0.01871630549430847,74.5186767578125,0.3309045314788818,11500.0,5972.0,11500.0
0.11214801121459318,0.01715378761291504,0.24083417654037476,0.026492448709905147,0.03887257501482964,0.07314733117818832,94.47037506103516,0.008490036707371473,0.008458888716995716,0.011076628882437944,91.88497924804688,0.029223912768065928,0.026829132065176963,0.01824323330074549,79.21895599365234,0.3400797128677368,11600.0,5973.0,11600.0
0.11208005527886859,0.015276551246643066,0.26775615513324735,0.03226240016520023,0.046029525250196456,0.08007531128823757,94.9720687866211,0.009512386843562126,0.009363839216530324,0.011742846947163344,91.83817291259766,0.0314049968495965,0.029048088751733304,0.01831675972789526,77.28853607177734,0.3407058954238892,11700.0,5974.0,11700.0
0.11201209476066035,0.017542266845703126,0.2676738440990448,0.03206919375807047,0.04546131044626236,0.07805245891213416,95.33667755126953,0.009092962322756647,0.009136717859655618,0.011235339380800725,92.28732299804688,0.032964165322482586,0.031060592271387577,0.01860110480338335,73.95773315429688,0.33934841156005857,11800.0,5975.0,11800.0
0.1119441296565671,0.019081687927246092,0.2664842799305916,0.03015645071864128,0.04337739646434784,0.08277817219495773,95.62285614013672,0.009076069202274084,0.008975100796669721,0.0118708954192698,93.38809967041016,0.031758248805999756,0.03009351119399071,0.01839842777699232,73.19388580322266,0.34307374954223635,11900.0,5975.0,11900.0
0.1118761599631825,0.018130230903625488,0.25379655957221986,0.02956000603735447,0.04265356808900833,0.07520442977547645,95.02251434326172,0.00866338643245399,0.008675110200420022,0.011157871782779693,91.9552230834961,0.031030711159110068,0.028511040657758713,0.01834043115377426,75.48876190185547,0.3428107500076294,12000.0,5973.0,12000.0
0.11180818567709552,0.021180343627929688,0.23923806995153427,0.025449053011834623,0.03755455538630485,0.07118594273924828,94.66641998291016,0.008007785398513078,0.008185860933735967,0.010934458486735821,90.22444915771484,0.030759828723967077,0.029377490654587744,0.017783085443079473,72.85687255859375,0.34471907615661623,12100.0,5975.0,12100.0
0.11174020679489036,0.01774444580078125,0.24943615943193437,0.028128562308847905,0.040624342113733294,0.0734206173568964,95.24193572998047,0.008673480665311217,0.008724280586466193,0.011037329398095607,91.82958221435547,0.03135973792523146,0.02905083876103163,0.01841697543859482,69.64599609375,0.3398148059844971,12200.0,5975.0,12200.0
0.11167222331314615,0.017736291885375975,0.2569672018289566,0.03120949976146221,0.04392760619521141,0.07733101919293403,94.97711944580078,0.008939996035769582,0.008779193507507443,0.011323244590312243,91.8599853515625,0.029835817404091358,0.027587747573852538,0.018033076263964175,75.03749084472656,0.34345693588256837,12300.0,5972.0,12300.0
0.11160423522843729,0.01288909912109375,0.26428163051605225,0.03113111238926649,0.04498181343078613,0.0757842369377613,94.36566162109375,0.009416015073657035,0.009331064205616713,0.011154582817107439,90.1629638671875,0.03323464393615723,0.030675132200121878,0.018573030084371566,72.67984008789062,0.3338625431060791,12400.0,5975.0,12400.0
0.1115362425373331,0.018265509605407716,0.2607081487774849,0.030100061558187008,0.04267989695072174,0.07552899532020092,94.6661376953125,0.00885356068611145,0.008763666450977325,0.011186767369508743,91.89551544189453,0.033894157595932485,0.031058754213154315,0.018642289005219935,75.88483428955078,0.34500176906585694,12500.0,5972.0,12500.0
0.11146824523639828,0.015597200393676758,0.2541366383433342,0.029662883095443248,0.043010175228118896,0.07761049196124077,94.91658782958984,0.008729933388531208,0.008774036169052124,0.011236263811588288,91.24974822998047,0.02970409784466028,0.027574946545064448,0.017833811044692994,77.40630340576172,0.33472867012023927,12600.0,5971.0,12600.0
0.11140024332219255,0.015309882164001466,0.25295096933841704,0.029366818070411683,0.041700493544340134,0.0738639272749424,94.52030944824219,0.008831377746537328,0.008755840733647347,0.010977956652641296,92.0242691040039,0.03209401778876782,0.02900997716933489,0.01835055649280548,78.4094009399414,0.3352571725845337,12700.0,5972.0,12700.0
0.11133223679127074,0.017616677284240722,0.2473991334438324,0.02663659080862999,0.039207740873098376,0.07840585336089134,95.89411163330078,0.008172787725925446,0.008214464038610458,0.011544269230216741,92.80195617675781,0.02971547283232212,0.027417974546551704,0.018083988688886166,83.4735107421875,0.3401249885559082,12800.0,5968.0,12800.0
0.11126422564018275,0.018891119956970216,0.24494026154279708,0.027421693690121172,0.0389350526034832,0.07483811154961587,92.5085220336914,0.008416321454569697,0.008215614408254624,0.011360468808561563,89.4340591430664,0.029815090447664262,0.027755990251898767,0.01818191781640053,72.0094985961914,0.3449964761734009,12900.0,5973.0,12900.0
0.11119620986547359,0.015444183349609375,0.2506967157125473,0.02739650197327137,0.040065206587314606,0.07398437336087227,94.75538635253906,0.008316928800195456,0.008294750144705177,0.011038697883486747,92.1328125,0.03319167867302895,0.030218896456062794,0.018189693242311476,75.78592681884766,0.3343435525894165,13000.0,5972.0,13000.0
0.11112818946368318,0.018146848678588866,0.24967262297868728,0.028192991204559804,0.040989487618207934,0.07417982555925846,94.42359161376953,0.008504723710939289,0.008576515270397067,0.010920567531138658,92.00810241699219,0.03128267731517553,0.02929737213999033,0.017728456109762192,73.2502212524414,0.3421030521392822,13100.0,5974.0,13100.0
0.11106016443134656,0.020289349555969238,0.23726866841316224,0.027053154073655605,0.0391552098095417,0.07342646345496177,93.94493865966797,0.00799568253569305,0.00809133779257536,0.010904145240783692,90.91580963134766,0.02742048054933548,0.02574708145111799,0.01747511252760887,76.22722625732422,0.34278059005737305,13200.0,5969.0,13200.0
0.11099213476499395,0.013968801498413086,0.255590495467186,0.028335866704583167,0.040470777451992034,0.07469270564615726,96.1183090209961,0.008664013305678963,0.008681917702779174,0.011016228701919317,92.87419128417969,0.03460142277181148,0.030622458085417747,0.018505102768540383,81.11067199707031,0.33601763248443606,13300.0,5975.0,13300.0
0.11092410046115049,0.015305566787719726,0.25680735558271406,0.0313088059425354,0.04476497694849968,0.0770770788192749,93.99176788330078,0.009027136396616698,0.008942687045782804,0.011232252605259419,90.75523376464844,0.029674628190696238,0.026821852289140226,0.017957942187786104,79.78701782226562,0.33210301399230957,13400.0,5975.0,13400.0
0.11085606151633648,0.016748380661010743,0.24150377959012986,0.02733628898859024,0.041073910892009735,0.07211122810840606,94.84400177001953,0.008262149337679148,0.008536234823986888,0.010804187785834075,91.78599548339844,0.028733013942837716,0.026959583163261414,0.01768718995153904,81.54336547851562,0.33604190349578855,13500.0,5972.0,13500.0
0.11078801792706709,0.014697527885437012,0.25039548575878146,0.02845443896949291,0.04112332016229629,0.07600619122385979,94.97510528564453,0.00835258262231946,0.00838388865813613,0.011127177253365516,91.4586410522461,0.030731960758566858,0.027984561026096345,0.018231368251144887,69.59361267089844,0.3364843845367432,13600.0,5972.0,13600.0
0.11071996968985237,0.01596245765686035,0.24048953950405122,0.026904627121984957,0.03921074643731117,0.07132369503378869,95.2636947631836,0.008243714226409793,0.008326046960428357,0.01097283149138093,92.37398529052734,0.02979219164699316,0.02782328873872757,0.01789239514619112,82.5189208984375,0.3341552972793579,13700.0,5974.0,13700.0
0.11065191680119742,0.01674807071685791,0.24953333288431168,0.027840060740709306,0.04039921388030052,0.0705248884856701,94.61723327636719,0.0087345230858773,0.008721027011051773,0.010863504186272622,91.64955139160156,0.03393445070832968,0.030426387675106525,0.01808928307145834,77.42318725585938,0.33924405574798583,13800.0,5971.0,13800.0
0.1105838592576026,0.014018964767456055,0.237990166246891,0.02646045181900263,0.03825708404183388,0.07191874794661998,95.79496002197266,0.008095571398735046,0.008107278309762479,0.01094959508627653,93.28280639648438,0.029811200499534608,0.026638422906398774,0.017751815170049666,80.35546112060547,0.3314847946166992,13900.0,5975.0,13900.0
0.11051579705556305,0.01257944107055664,0.2518467456102371,0.029100564122200013,0.04083153381943703,0.07354403883218766,95.973876953125,0.008906002482399344,0.008739761775359511,0.011201964691281319,92.82102966308594,0.03239190652966499,0.028946494311094285,0.018184481374919414,75.70771789550781,0.3306788682937622,14000.0,5972.0,14000.0
0.11044773019156882,0.013973641395568847,0.23001965284347534,0.024108531698584557,0.035525459051132205,0.07139497734606266,96.10696411132812,0.00763040678575635,0.0077304008416831495,0.010962245054543018,93.1968765258789,0.028388862498104572,0.026608634926378726,0.01767014302313328,78.52354431152344,0.3323442697525024,14100.0,5975.0,14100.0
0.11037965866210493,0.017217397689819336,0.24747864305973052,0.026621688343584537,0.03843557983636856,0.07327371351420879,95.89445495605469,0.008410834800451994,0.008346405252814293,0.01112125739455223,93.07408142089844,0.03294664155691862,0.030068778805434702,0.018253746256232262,77.98825073242188,0.3432551145553589,14200.0,5972.0,14200.0
0.11031158246365141,0.014369988441467285,0.2421516239643097,0.027916989102959634,0.04108795970678329,0.07132881209254265,94.6961441040039,0.008317585196346044,0.008431423595175147,0.01073923809453845,92.15059661865234,0.02964771781116724,0.027137886546552182,0.01754400786012411,76.0821762084961,0.3299571514129639,14300.0,5975.0,14300.0
0.11024350159268306,0.01564950942993164,0.2535024777054787,0.030038636177778244,0.04308904856443405,0.0731788132339716,94.09248352050781,0.008749318309128284,0.00885878475382924,0.010992898046970368,90.628662109375,0.03135795816779137,0.028832793422043323,0.018404218927025796,69.95667266845703,0.33531076908111573,14400.0,5975.0,14400.0
0.11017541604566969,0.014697051048278809,0.26351063698530197,0.029978667199611665,0.04357166662812233,0.07761424109339714,95.07136535644531,0.008601846592500805,0.008681094832718372,0.011216668225824834,92.03009796142578,0.03368081208318472,0.031725145503878595,0.01844049897044897,75.97879791259766,0.33476505279541013,14500.0,5969.0,14500.0
0.11010732581907612,0.013782048225402832,0.24864120930433273,0.028585644997656347,0.03962830677628517,0.07671219930052757,95.76033020019531,0.008874388504773378,0.008598352316766977,0.011529687233269215,92.19806671142578,0.029648446850478648,0.027216718904674052,0.017847459763288498,77.31240844726562,0.3353125095367432,14600.0,5975.0,14600.0
0.11003923090936198,0.013749408721923827,0.2925040379166603,0.03808958549052477,0.054415834695100786,0.08027131482958794,94.34454345703125,0.010879245959222317,0.010959726106375457,0.011600401904433965,90.70709991455078,0.035321041196584704,0.03254151735454798,0.018425379134714603,70.92169189453125,0.33501198291778567,14700.0,5974.0,14700.0
0.10997113131298165,0.013873028755187988,0.25469190776348116,0.03156801089644432,0.045485376566648486,0.07260698527097702,94.41871643066406,0.008993520401418209,0.008977556927129626,0.011024229601025582,91.73326110839844,0.030271368846297265,0.027986413054168224,0.01777844112366438,74.12995910644531,0.33068342208862306,14800.0,5879.0,14800.0
0.10990302702638464,0.01194605827331543,0.2457709029316902,0.02865018751472235,0.04137454703450203,0.07275768518447875,94.50104522705078,0.008608762221410871,0.008585691265761853,0.01080263191834092,91.45582580566406,0.029586799256503583,0.027625321969389917,0.017779272608458997,79.85773468017578,0.3233603000640869,14900.0,5973.0,14900.0
0.10983491804601493,0.014475870132446288,0.2596741855144501,0.030475053004920483,0.04463263973593712,0.07558409869670868,94.22883605957031,0.008880359912291169,0.008997102081775666,0.011202248558402062,91.58668518066406,0.031563527323305605,0.03010459765791893,0.018234551697969437,74.50847625732422,0.33343689441680907,15000.0,5879.0,15000.0
0.1097668043683119,0.015467643737792969,0.24828288555145264,0.02843941394239664,0.041540802270174024,0.07381274364888668,94.66996002197266,0.008341273572295905,0.008450943231582641,0.011198292393237353,91.61092376708984,0.030277512222528457,0.028409763984382153,0.017812142707407476,77.37828063964844,0.3342520475387573,15100.0,5975.0,15100.0
0.10969868598970939,0.013472533226013184,0.2502481281757355,0.026737686432898044,0.03993606343865395,0.07610306851565837,93.61739349365234,0.008200391056016087,0.008367989398539066,0.011188139487057925,90.11358642578125,0.03187222443521023,0.029914708435535432,0.01792785935103893,73.95281219482422,0.3318218231201172,15200.0,5973.0,15200.0
0.10963056290663616,0.01470170021057129,0.23508634865283967,0.025607781670987605,0.03866286352276802,0.07249496392905712,95.48825073242188,0.007909803045913577,0.008135745907202363,0.01081656301394105,92.89643859863281,0.02791723422706127,0.02636898886412382,0.01717241071164608,77.88971710205078,0.3302196502685547,15300.0,5975.0,15300.0
0.10956243511551565,0.01849691867828369,0.250450973212719,0.028690516576170923,0.042526358366012575,0.07066799215972423,96.08181762695312,0.008638645242899656,0.008653287077322602,0.010967652406543493,92.30265045166016,0.032305534556508066,0.03001408502459526,0.01798689942806959,75.50740051269531,0.3412086248397827,15400.0,5975.0,15400.0
0.10949430261276649,0.018707990646362305,0.2689440280199051,0.031506873480975625,0.04452203512191773,0.08049680143594742,95.03921508789062,0.009131376584991812,0.008965466963127255,0.011671864800155163,91.54706573486328,0.03346643317490816,0.030947394110262393,0.018235784955322742,82.6986312866211,0.34587461948394777,15500.0,5972.0,15500.0
0.10942616539480159,0.022629165649414064,0.251013720035553,0.027769381739199163,0.03985878005623818,0.07578525096178054,95.65766906738281,0.008531126892194152,0.008435282623395324,0.011265208199620246,92.65301513671875,0.031680099479854104,0.029420146904885768,0.018268434889614583,79.66860961914062,0.3530024766921997,15600.0,5975.0,15600.0
0.10935802345802896,0.01882462501525879,0.24692225754261016,0.027762903459370138,0.040543144941329955,0.0734011098742485,94.10511779785156,0.008353106258437038,0.008369046123698353,0.011053463350981474,91.1043930053711,0.03078901246190071,0.02845960929989815,0.01819086093455553,71.5217514038086,0.34085755348205565,15700.0,5975.0,15700.0
0.10928987679885148,0.013265442848205567,0.24741316139698027,0.028236854076385497,0.040887095779180524,0.07368497252464294,94.63916778564453,0.00839499975554645,0.008450462948530912,0.010937434248626232,91.64350128173828,0.030694783292710782,0.02813175804913044,0.017994796857237816,75.1268310546875,0.3307670593261719,15800.0,5974.0,15800.0
0.10922172541366662,0.017003536224365234,0.2347879707813263,0.02704643812030554,0.038902966678142546,0.06835744976997375,94.96581268310547,0.008373086154460908,0.008331028698012232,0.01073979614302516,91.86947631835938,0.028599201515316964,0.026946089416742324,0.017491909116506575,81.30144500732422,0.33629844188690183,15900.0,5971.0,15900.0
0.10915356929886633,0.018569016456604005,0.23949235379695893,0.02661112677305937,0.0383969709277153,0.06960024051368237,95.825439453125,0.008075990714132786,0.008079068269580603,0.010634566191583872,92.65151977539062,0.031110476702451706,0.02882788684219122,0.018156030401587486,79.18592071533203,0.3436145782470703,16000.0,5974.0,16000.0
